Workbook
Name budget2024: 'FFB Budget 2024'!$C$5:$U$57
Name coupe: 'FFB Budget 2024'!#REF!
Name coupe: 'FFB Budget 2025'!$W$5:$Z$55
Name DARSO: 'DARSO GANG'!$A$7:$BH$14
Name ERDI: 'YUDI GANG'!$A$7:$BH$9
Name fbticket: '[1]FFB TICKET(DAY BY DAY) (2)'!$G$6:$R$303+'FFB Budget 2024'!$C$5:$U$56
Name fbticket: '[1]FFB TICKET(DAY BY DAY) (2)'!$G$6:$R$303+'FFB Budget 2025'!$C$5:$U$56
Name ffbbudgettwofive: 'FFB Budget 2024'!$C$5:$U$100
Name ffbbudgettwofive: 'FFB Budget 2025'!$C$5:$U$100
Name harvestinground: 'HARVESTING ROUND'!$B$3:$J$36
Name ironhorsediesel: '[1]REPORT DIESEL'!$B$97:$AO$119
Name july: 'HARVESTING ROUND'!$N$3:$Y$37
Name machinestatus: '[1]DAILY MACHINE REPORT'!$B$76:$AQ$97
Name manday: 'HARVESTING INTERVAL- Dec'!$C$5:$BG$76
Name NURAZANI: 'NU AZANI GANG'!$A$7:$BH$12
Name october2024: 'HARVESTING INTERVAL- NOV 24'!$C$5:$BG$76
Name SERAN: 'SOFIO GANG'!$A$7:$BH$12
Name WENDERLINUS: 'WENDERLINUS GANG '!$A$7:$BH$14
Name year2022to23: '4.4 Harvesting Round Record'!$B$9:$XFD$50
Name YUVENTUS: 'YUVENTUS UN GANG'!$A$7:$BH$9
Name yuventus2: '[3]YUVENTUS UN GANG'!$A$7:$BH$9

Sheet OVERALL BY GANG COMPARISON V3
A1: HARVESTER PERFORMANCE COMPARISON FOR CURRENT MONTH VS. PREVIOUS MONTH & VS PAST YEAR'S MONTH
A2: 45992
D3: 2025
D4: FFB PRODUCTION OF THE MONTH | H4: Budget 2025 (MT) | I4: MT / HA OF THE MONTH | K4: YTD | M4: YTD MT / HA
A5: Gang | C5: Total HA | D5: 1st Round (MT) | E5: 2nd Round (MT) | F5: 3rd Round (MT) | G5: Actual Total (MT) | I5: Actual | J5: Budget 2025 | K5: Actual | L5: Budget 2025 | M5: Actual | N5: Budget 2025 | AD5: 2025 FFB BUDGET
A6: YUVENTUS UN GANG | C6: ='YUVENTUS UN GANG'!B10 -> 164 | D6: ='YUVENTUS UN GANG'!D10 -> 106.52 | E6: ='YUVENTUS UN GANG'!E10 -> 125.98 | F6: ='YUVENTUS UN GANG'!F10 -> 0 | G6: =SUM(D6:F6) -> 232.5 | H6: ='YUVENTUS UN GANG'!C10 -> 331 | I6: =G6/C6 -> 1.4176829 | J6: =H6/C6 -> 2.0182927 | K6: =SUM(K7:K9) -> 2709.57 | L6: =ROUND(SUM(L7:L9),0) -> 3318 | M6: =K6/C6 -> 16.521768 | N6: =L6/C6 -> 20.231707 | AD6: Jan | AE6: Feb | AF6: Mar | AG6: Apr | AH6: May | AI6: Jun | AJ6: Jul | AK6: Aug | AL6: Sep | AM6: Oct | AN6: Nov | AO6: Dec
B7: 1 | C7: =VLOOKUP(B7,YUVENTUS,2,FALSE) -> 53.2 | D7: =VLOOKUP(B7,YUVENTUS,4,FALSE) -> 45.47 | E7: =VLOOKUP(B7,YUVENTUS,5,FALSE) -> 61.18 | F7: =VLOOKUP(B7,YUVENTUS,6,FALSE) -> 0 | G7: =SUM(D7:F7) -> 106.65 | H7: =VLOOKUP(B7,YUVENTUS,3,FALSE) -> 106 | I7: =G7/C7 -> 2.0046992 | J7: =H7/C7 -> 1.9924812 | K7: =VLOOKUP(B7,year2022to23,311,FALSE) -> 909.79 | L7: =SUM(AD7:AO7) -> 1062.68 | M7: =K7/C7 -> 17.101316 | N7: =L7/C7 -> 19.975188 | AD7: =VLOOKUP(B7,ffbbudgettwofive,7,FALSE) -> 53.2 | AE7: =VLOOKUP(B7,ffbbudgettwofive,8,FALSE) -> 42.56 | AF7: =VLOOKUP(B7,ffbbudgettwofive,9,FALSE) -> 74.48 | AG7: =VLOOKUP(B7,ffbbudgettwofive,10,FALSE) -> 74.48 | AH7: =VLOOKUP(B7,ffbbudgettwofive,11,FALSE) -> 74.48 | AI7: =VLOOKUP(B7,ffbbudgettwofive,12,FALSE) -> 74.48 | AJ7: =VLOOKUP(B7,ffbbudgettwofive,13,FALSE) -> 85 | AK7: =VLOOKUP(B7,ffbbudgettwofive,14,FALSE) -> 106 | AL7: =VLOOKUP(B7,ffbbudgettwofive,15,FALSE) -> 106 | AM7: =VLOOKUP(B7,ffbbudgettwofive,16,FALSE) -> 149 | AN7: =VLOOKUP(B7,ffbbudgettwofive,17,FALSE) -> 117 | AO7: =VLOOKUP(B7,ffbbudgettwofive,18,FALSE) -> 106
B8: 3 | C8: =VLOOKUP(B8,YUVENTUS,2,FALSE) -> 69.2 | D8: =VLOOKUP(B8,YUVENTUS,4,FALSE) -> 15.21 | E8: =VLOOKUP(B8,YUVENTUS,5,FALSE) -> 64.8 | F8: =VLOOKUP(B8,YUVENTUS,6,FALSE) -> 0 | G8: =SUM(D8:F8) -> 80.01 | H8: =VLOOKUP(B8,YUVENTUS,3,FALSE) -> 138 | I8: =G8/C8 -> 1.1562139 | J8: =H8/C8 -> 1.9942197 | K8: =VLOOKUP(B8,year2022to23,311,FALSE) -> 1085.75 | L8: =SUM(AD8:AO8) -> 1383.08 | M8: =K8/C8 -> 15.690029 | N8: =L8/C8 -> 19.986705 | AD8: =VLOOKUP(B8,ffbbudgettwofive,7,FALSE) -> 69.2 | AE8: =VLOOKUP(B8,ffbbudgettwofive,8,FALSE) -> 55.36 | AF8: =VLOOKUP(B8,ffbbudgettwofive,9,FALSE) -> 96.88 | AG8: =VLOOKUP(B8,ffbbudgettwofive,10,FALSE) -> 96.88 | AH8: =VLOOKUP(B8,ffbbudgettwofive,11,FALSE) -> 96.88 | AI8: =VLOOKUP(B8,ffbbudgettwofive,12,FALSE) -> 96.88 | AJ8: =VLOOKUP(B8,ffbbudgettwofive,13,FALSE) -> 111 | AK8: =VLOOKUP(B8,ffbbudgettwofive,14,FALSE) -> 138 | AL8: =VLOOKUP(B8,ffbbudgettwofive,15,FALSE) -> 138 | AM8: =VLOOKUP(B8,ffbbudgettwofive,16,FALSE) -> 194 | AN8: =VLOOKUP(B8,ffbbudgettwofive,17,FALSE) -> 152 | AO8: =VLOOKUP(B8,ffbbudgettwofive,18,FALSE) -> 138
B9: 14 | C9: =VLOOKUP(B9,YUVENTUS,2,FALSE) -> 41.6 | D9: =VLOOKUP(B9,YUVENTUS,4,FALSE) -> 45.84 | E9: =VLOOKUP(B9,YUVENTUS,5,FALSE) -> 0 | F9: =VLOOKUP(B9,YUVENTUS,6,FALSE) -> 0 | G9: =SUM(D9:F9) -> 45.84 | H9: =VLOOKUP(B9,YUVENTUS,3,FALSE) -> 87 | I9: =G9/C9 -> 1.1019231 | J9: =H9/C9 -> 2.0913462 | K9: =VLOOKUP(B9,year2022to23,311,FALSE) -> 714.03 | L9: =SUM(AD9:AO9) -> 872.38 | M9: =K9/C9 -> 17.164183 | N9: =L9/C9 -> 20.970673 | AD9: =VLOOKUP(B9,ffbbudgettwofive,7,FALSE) -> 43.7 | AE9: =VLOOKUP(B9,ffbbudgettwofive,8,FALSE) -> 34.96 | AF9: =VLOOKUP(B9,ffbbudgettwofive,9,FALSE) -> 61.18 | AG9: =VLOOKUP(B9,ffbbudgettwofive,10,FALSE) -> 61.18 | AH9: =VLOOKUP(B9,ffbbudgettwofive,11,FALSE) -> 61.18 | AI9: =VLOOKUP(B9,ffbbudgettwofive,12,FALSE) -> 61.18 | AJ9: =VLOOKUP(B9,ffbbudgettwofive,13,FALSE) -> 70 | AK9: =VLOOKUP(B9,ffbbudgettwofive,14,FALSE) -> 87 | AL9: =VLOOKUP(B9,ffbbudgettwofive,15,FALSE) -> 87 | AM9: =VLOOKUP(B9,ffbbudgettwofive,16,FALSE) -> 122 | AN9: =VLOOKUP(B9,ffbbudgettwofive,17,FALSE) -> 96 | AO9: =VLOOKUP(B9,ffbbudgettwofive,18,FALSE) -> 87
A11: DARSO GANG | C11: ='DARSO GANG'!B14 -> 385.4 | D11: ='DARSO GANG'!D14 -> 473.61 | E11: ='DARSO GANG'!E14 -> 218.56 | F11: ='DARSO GANG'!F14 -> 0 | G11: =SUM(D11:F11) -> 692.17 | H11: ='DARSO GANG'!C14 -> 818 | I11: =G11/C11 -> 1.7959782 | J11: =H11/C11 -> 2.1224702 | K11: =SUM(K12:K18) -> 6539.67 | L11: =ROUND(SUM(L12:L18),0) -> 8181 | M11: =K11/C11 -> 16.968526 | N11: =L11/C11 -> 21.227296 | AD11: Jan | AE11: Feb | AF11: Mar | AG11: Apr | AH11: May | AI11: Jun | AJ11: Jul | AK11: Aug | AL11: Sep | AM11: Oct | AN11: Nov | AO11: Dec
B12: 15 | C12: =VLOOKUP(B12,DARSO,2,FALSE) -> 49.3 | D12: =VLOOKUP(B12,DARSO,4,FALSE) -> 70.9 | E12: =VLOOKUP(B12,DARSO,5,FALSE) -> 53.16 | F12: =VLOOKUP(B12,DARSO,6,FALSE) -> 0 | G12: =SUM(D12:F12) -> 124.06 | H12: =VLOOKUP(B12,DARSO,3,FALSE) -> 99 | I12: =G12/C12 -> 2.51643 | J12: =H12/C12 -> 2.0081136 | K12: =VLOOKUP(B12,year2022to23,311,FALSE) -> 776.89 | L12: =SUM(AD12:AO12) -> 986.82 | M12: =K12/C12 -> 15.758418 | N12: =L12/C12 -> 20.016633 | AD12: =VLOOKUP(B12,ffbbudgettwofive,7,FALSE) -> 49.3 | AE12: =VLOOKUP(B12,ffbbudgettwofive,8,FALSE) -> 39.44 | AF12: =VLOOKUP(B12,ffbbudgettwofive,9,FALSE) -> 69.02 | AG12: =VLOOKUP(B12,ffbbudgettwofive,10,FALSE) -> 69.02 | AH12: =VLOOKUP(B12,ffbbudgettwofive,11,FALSE) -> 69.02 | AI12: =VLOOKUP(B12,ffbbudgettwofive,12,FALSE) -> 69.02 | AJ12: =VLOOKUP(B12,ffbbudgettwofive,13,FALSE) -> 79 | AK12: =VLOOKUP(B12,ffbbudgettwofive,14,FALSE) -> 99 | AL12: =VLOOKUP(B12,ffbbudgettwofive,15,FALSE) -> 99 | AM12: =VLOOKUP(B12,ffbbudgettwofive,16,FALSE) -> 138 | AN12: =VLOOKUP(B12,ffbbudgettwofive,17,FALSE) -> 108 | AO12: =VLOOKUP(B12,ffbbudgettwofive,18,FALSE) -> 99
B13: 16 | C13: =VLOOKUP(B13,DARSO,2,FALSE) -> 53.2 | D13: =VLOOKUP(B13,DARSO,4,FALSE) -> 53.38 | E13: =VLOOKUP(B13,DARSO,5,FALSE) -> 58.28 | F13: =VLOOKUP(B13,DARSO,6,FALSE) -> 0 | G13: =SUM(D13:F13) -> 111.66 | H13: =VLOOKUP(B13,DARSO,3,FALSE) -> 106 | I13: =G13/C13 -> 2.0988722 | J13: =H13/C13 -> 1.9924812 | K13: =VLOOKUP(B13,year2022to23,311,FALSE) -> 900.68 | L13: =SUM(AD13:AO13) -> 1062.68 | M13: =K13/C13 -> 16.930075 | N13: =L13/C13 -> 19.975188 | AD13: =VLOOKUP(B13,ffbbudgettwofive,7,FALSE) -> 53.2 | AE13: =VLOOKUP(B13,ffbbudgettwofive,8,FALSE) -> 42.56 | AF13: =VLOOKUP(B13,ffbbudgettwofive,9,FALSE) -> 74.48 | AG13: =VLOOKUP(B13,ffbbudgettwofive,10,FALSE) -> 74.48 | AH13: =VLOOKUP(B13,ffbbudgettwofive,11,FALSE) -> 74.48 | AI13: =VLOOKUP(B13,ffbbudgettwofive,12,FALSE) -> 74.48 | AJ13: =VLOOKUP(B13,ffbbudgettwofive,13,FALSE) -> 85 | AK13: =VLOOKUP(B13,ffbbudgettwofive,14,FALSE) -> 106 | AL13: =VLOOKUP(B13,ffbbudgettwofive,15,FALSE) -> 106 | AM13: =VLOOKUP(B13,ffbbudgettwofive,16,FALSE) -> 149 | AN13: =VLOOKUP(B13,ffbbudgettwofive,17,FALSE) -> 117 | AO13: =VLOOKUP(B13,ffbbudgettwofive,18,FALSE) -> 106
B14: 17 | C14: =VLOOKUP(B14,DARSO,2,FALSE) -> 45.7 | D14: =VLOOKUP(B14,DARSO,4,FALSE) -> 43.17 | E14: =VLOOKUP(B14,DARSO,5,FALSE) -> 0 | F14: =VLOOKUP(B14,DARSO,6,FALSE) -> 0 | G14: =SUM(D14:F14) -> 43.17 | H14: =VLOOKUP(B14,DARSO,3,FALSE) -> 101 | I14: =G14/C14 -> 0.94463895 | J14: =H14/C14 -> 2.2100656 | K14: =VLOOKUP(B14,year2022to23,311,FALSE) -> 797.25 | L14: =SUM(AD14:AO14) -> 1006.85 | M14: =K14/C14 -> 17.445295 | N14: =L14/C14 -> 22.031729 | AD14: =VLOOKUP(B14,ffbbudgettwofive,7,FALSE) -> 50.25 | AE14: =VLOOKUP(B14,ffbbudgettwofive,8,FALSE) -> 40.2 | AF14: =VLOOKUP(B14,ffbbudgettwofive,9,FALSE) -> 70.35 | AG14: =VLOOKUP(B14,ffbbudgettwofive,10,FALSE) -> 70.35 | AH14: =VLOOKUP(B14,ffbbudgettwofive,11,FALSE) -> 70.35 | AI14: =VLOOKUP(B14,ffbbudgettwofive,12,FALSE) -> 70.35 | AJ14: =VLOOKUP(B14,ffbbudgettwofive,13,FALSE) -> 80 | AK14: =VLOOKUP(B14,ffbbudgettwofive,14,FALSE) -> 101 | AL14: =VLOOKUP(B14,ffbbudgettwofive,15,FALSE) -> 101 | AM14: =VLOOKUP(B14,ffbbudgettwofive,16,FALSE) -> 141 | AN14: =VLOOKUP(B14,ffbbudgettwofive,17,FALSE) -> 111 | AO14: =VLOOKUP(B14,ffbbudgettwofive,18,FALSE) -> 101
B15: 19 | C15: =VLOOKUP(B15,DARSO,2,FALSE) -> 50.62 | D15: =VLOOKUP(B15,DARSO,4,FALSE) -> 56.22 | E15: =VLOOKUP(B15,DARSO,5,FALSE) -> 33.75 | F15: =VLOOKUP(B15,DARSO,6,FALSE) -> 0 | G15: =SUM(D15:F15) -> 89.97 | H15: =VLOOKUP(B15,DARSO,3,FALSE) -> 106 | I15: =G15/C15 -> 1.7773607 | J15: =H15/C15 -> 2.094034 | K15: =VLOOKUP(B15,year2022to23,311,FALSE) -> 866 | L15: =SUM(AD15:AO15) -> 1062.31 | M15: =K15/C15 -> 17.107863 | N15: =L15/C15 -> 20.985974 | AD15: =VLOOKUP(B15,ffbbudgettwofive,7,FALSE) -> 53.15 | AE15: =VLOOKUP(B15,ffbbudgettwofive,8,FALSE) -> 42.52 | AF15: =VLOOKUP(B15,ffbbudgettwofive,9,FALSE) -> 74.41 | AG15: =VLOOKUP(B15,ffbbudgettwofive,10,FALSE) -> 74.41 | AH15: =VLOOKUP(B15,ffbbudgettwofive,11,FALSE) -> 74.41 | AI15: =VLOOKUP(B15,ffbbudgettwofive,12,FALSE) -> 74.41 | AJ15: =VLOOKUP(B15,ffbbudgettwofive,13,FALSE) -> 85 | AK15: =VLOOKUP(B15,ffbbudgettwofive,14,FALSE) -> 106 | AL15: =VLOOKUP(B15,ffbbudgettwofive,15,FALSE) -> 106 | AM15: =VLOOKUP(B15,ffbbudgettwofive,16,FALSE) -> 149 | AN15: =VLOOKUP(B15,ffbbudgettwofive,17,FALSE) -> 117 | AO15: =VLOOKUP(B15,ffbbudgettwofive,18,FALSE) -> 106
B16: 20 | C16: =VLOOKUP(B16,DARSO,2,FALSE) -> 62.08 | D16: =VLOOKUP(B16,DARSO,4,FALSE) -> 84.19 | E16: =VLOOKUP(B16,DARSO,5,FALSE) -> 52.47 | F16: =VLOOKUP(B16,DARSO,6,FALSE) -> 0 | G16: =SUM(D16:F16) -> 136.66 | H16: =VLOOKUP(B16,DARSO,3,FALSE) -> 130 | I16: =G16/C16 -> 2.2013531 | J16: =H16/C16 -> 2.0940722 | K16: =VLOOKUP(B16,year2022to23,311,FALSE) -> 1028.6 | L16: =SUM(AD16:AO16) -> 1302.48 | M16: =K16/C16 -> 16.568943 | N16: =L16/C16 -> 20.98067 | AD16: =VLOOKUP(B16,ffbbudgettwofive,7,FALSE) -> 65.2 | AE16: =VLOOKUP(B16,ffbbudgettwofive,8,FALSE) -> 52.16 | AF16: =VLOOKUP(B16,ffbbudgettwofive,9,FALSE) -> 91.28 | AG16: =VLOOKUP(B16,ffbbudgettwofive,10,FALSE) -> 91.28 | AH16: =VLOOKUP(B16,ffbbudgettwofive,11,FALSE) -> 91.28 | AI16: =VLOOKUP(B16,ffbbudgettwofive,12,FALSE) -> 91.28 | AJ16: =VLOOKUP(B16,ffbbudgettwofive,13,FALSE) -> 104 | AK16: =VLOOKUP(B16,ffbbudgettwofive,14,FALSE) -> 130 | AL16: =VLOOKUP(B16,ffbbudgettwofive,15,FALSE) -> 130 | AM16: =VLOOKUP(B16,ffbbudgettwofive,16,FALSE) -> 183 | AN16: =VLOOKUP(B16,ffbbudgettwofive,17,FALSE) -> 143 | AO16: =VLOOKUP(B16,ffbbudgettwofive,18,FALSE) -> 130
B17: 21 | C17: =VLOOKUP(B17,DARSO,2,FALSE) -> 72.2 | D17: =VLOOKUP(B17,DARSO,4,FALSE) -> 101.3 | E17: =VLOOKUP(B17,DARSO,5,FALSE) -> 20.9 | F17: =VLOOKUP(B17,DARSO,6,FALSE) -> 0 | G17: =SUM(D17:F17) -> 122.2 | H17: =VLOOKUP(B17,DARSO,3,FALSE) -> 166 | I17: =G17/C17 -> 1.6925208 | J17: =H17/C17 -> 2.299169 | K17: =VLOOKUP(B17,year2022to23,311,FALSE) -> 1324.41 | L17: =SUM(AD17:AO17) -> 1660.57 | M17: =K17/C17 -> 18.343629 | N17: =L17/C17 -> 22.999584 | AD17: =VLOOKUP(B17,ffbbudgettwofive,7,FALSE) -> 83.05 | AE17: =VLOOKUP(B17,ffbbudgettwofive,8,FALSE) -> 66.44 | AF17: =VLOOKUP(B17,ffbbudgettwofive,9,FALSE) -> 116.27 | AG17: =VLOOKUP(B17,ffbbudgettwofive,10,FALSE) -> 116.27 | AH17: =VLOOKUP(B17,ffbbudgettwofive,11,FALSE) -> 116.27 | AI17: =VLOOKUP(B17,ffbbudgettwofive,12,FALSE) -> 116.27 | AJ17: =VLOOKUP(B17,ffbbudgettwofive,13,FALSE) -> 133 | AK17: =VLOOKUP(B17,ffbbudgettwofive,14,FALSE) -> 166 | AL17: =VLOOKUP(B17,ffbbudgettwofive,15,FALSE) -> 166 | AM17: =VLOOKUP(B17,ffbbudgettwofive,16,FALSE) -> 232 | AN17: =VLOOKUP(B17,ffbbudgettwofive,17,FALSE) -> 183 | AO17: =VLOOKUP(B17,ffbbudgettwofive,18,FALSE) -> 166
B18: 22 | C18: =VLOOKUP(B18,DARSO,2,FALSE) -> 52.3 | D18: =VLOOKUP(B18,DARSO,4,FALSE) -> 64.45 | E18: =VLOOKUP(B18,DARSO,5,FALSE) -> 0 | F18: =VLOOKUP(B18,DARSO,6,FALSE) -> 0 | G18: =SUM(D18:F18) -> 64.45 | H18: =VLOOKUP(B18,DARSO,3,FALSE) -> 110 | I18: =G18/C18 -> 1.2323136 | J18: =H18/C18 -> 2.1032505 | K18: =VLOOKUP(B18,year2022to23,311,FALSE) -> 845.84 | L18: =SUM(AD18:AO18) -> 1099.26 | M18: =K18/C18 -> 16.172849 | N18: =L18/C18 -> 21.018356 | AD18: =VLOOKUP(B18,ffbbudgettwofive,7,FALSE) -> 54.9 | AE18: =VLOOKUP(B18,ffbbudgettwofive,8,FALSE) -> 43.92 | AF18: =VLOOKUP(B18,ffbbudgettwofive,9,FALSE) -> 76.86 | AG18: =VLOOKUP(B18,ffbbudgettwofive,10,FALSE) -> 76.86 | AH18: =VLOOKUP(B18,ffbbudgettwofive,11,FALSE) -> 76.86 | AI18: =VLOOKUP(B18,ffbbudgettwofive,12,FALSE) -> 76.86 | AJ18: =VLOOKUP(B18,ffbbudgettwofive,13,FALSE) -> 88 | AK18: =VLOOKUP(B18,ffbbudgettwofive,14,FALSE) -> 110 | AL18: =VLOOKUP(B18,ffbbudgettwofive,15,FALSE) -> 110 | AM18: =VLOOKUP(B18,ffbbudgettwofive,16,FALSE) -> 154 | AN18: =VLOOKUP(B18,ffbbudgettwofive,17,FALSE) -> 121 | AO18: =VLOOKUP(B18,ffbbudgettwofive,18,FALSE) -> 110
A20: YUDI GANG -previously ERDI GANG | C20: ='YUDI GANG'!B10 -> 116.28 | D20: ='YUDI GANG'!D10 -> 94.47 | E20: ='YUDI GANG'!E10 -> 10.38 | F20: ='YUDI GANG'!F10 -> 0 | G20: =SUM(D20:F20) -> 104.85 | H20: ='YUDI GANG'!C10 -> 213 | I20: =G20/C20 -> 0.90170279 | J20: =H20/C20 -> 1.8317853 | K20: =SUM(K21:K23) -> 1517 | L20: =SUM(L21:L23) -> 2126.51 | M20: =K20/C20 -> 13.046096 | N20: =L20/C20 -> 18.28784 | AD20: Jan | AE20: Feb | AF20: Mar | AG20: Apr | AH20: May | AI20: Jun | AJ20: Jul | AK20: Aug | AL20: Sep | AM20: Oct | AN20: Nov | AO20: Dec
B21: 2 | C21: =VLOOKUP(B21,ERDI,2,FALSE) -> 60.4 | D21: =VLOOKUP(B21,ERDI,4,FALSE) -> 57.31 | E21: =VLOOKUP(B21,ERDI,5,FALSE) -> 0 | F21: =VLOOKUP(B21,ERDI,6,FALSE) -> 0 | G21: =SUM(D21:F21) -> 57.31 | H21: =VLOOKUP(B21,ERDI,3,FALSE) -> 121 | I21: =G21/C21 -> 0.94884106 | J21: =H21/C21 -> 2.0033113 | K21: =VLOOKUP(B21,year2022to23,311,FALSE) -> 889.57 | L21: =SUM(AD21:AO21) -> 1208.96 | M21: =K21/C21 -> 14.72798 | N21: =L21/C21 -> 20.015894 | AD21: =VLOOKUP(B21,ffbbudgettwofive,7,FALSE) -> 60.4 | AE21: =VLOOKUP(B21,ffbbudgettwofive,8,FALSE) -> 48.32 | AF21: =VLOOKUP(B21,ffbbudgettwofive,9,FALSE) -> 84.56 | AG21: =VLOOKUP(B21,ffbbudgettwofive,10,FALSE) -> 84.56 | AH21: =VLOOKUP(B21,ffbbudgettwofive,11,FALSE) -> 84.56 | AI21: =VLOOKUP(B21,ffbbudgettwofive,12,FALSE) -> 84.56 | AJ21: =VLOOKUP(B21,ffbbudgettwofive,13,FALSE) -> 97 | AK21: =VLOOKUP(B21,ffbbudgettwofive,14,FALSE) -> 121 | AL21: =VLOOKUP(B21,ffbbudgettwofive,15,FALSE) -> 121 | AM21: =VLOOKUP(B21,ffbbudgettwofive,16,FALSE) -> 169 | AN21: =VLOOKUP(B21,ffbbudgettwofive,17,FALSE) -> 133 | AO21: =VLOOKUP(B21,ffbbudgettwofive,18,FALSE) -> 121
B22: 11 | C22: =VLOOKUP(B22,ERDI,2,FALSE) -> 44.5 | D22: =VLOOKUP(B22,ERDI,4,FALSE) -> 32.42 | E22: =VLOOKUP(B22,ERDI,5,FALSE) -> 0 | F22: =VLOOKUP(B22,ERDI,6,FALSE) -> 0 | G22: =SUM(D22:F22) -> 32.42 | H22: =VLOOKUP(B22,ERDI,3,FALSE) -> 85 | I22: =G22/C22 -> 0.72853933 | J22: =H22/C22 -> 1.9101124 | K22: =VLOOKUP(B22,year2022to23,311,FALSE) -> 529.89 | L22: =SUM(AD22:AO22) -> 847.02 | M22: =K22/C22 -> 11.90764 | N22: =L22/C22 -> 19.034157 | AD22: =VLOOKUP(B22,ffbbudgettwofive,7,FALSE) -> 42.3 | AE22: =VLOOKUP(B22,ffbbudgettwofive,8,FALSE) -> 33.84 | AF22: =VLOOKUP(B22,ffbbudgettwofive,9,FALSE) -> 59.22 | AG22: =VLOOKUP(B22,ffbbudgettwofive,10,FALSE) -> 59.22 | AH22: =VLOOKUP(B22,ffbbudgettwofive,11,FALSE) -> 59.22 | AI22: =VLOOKUP(B22,ffbbudgettwofive,12,FALSE) -> 59.22 | AJ22: =VLOOKUP(B22,ffbbudgettwofive,13,FALSE) -> 68 | AK22: =VLOOKUP(B22,ffbbudgettwofive,14,FALSE) -> 85 | AL22: =VLOOKUP(B22,ffbbudgettwofive,15,FALSE) -> 85 | AM22: =VLOOKUP(B22,ffbbudgettwofive,16,FALSE) -> 118 | AN22: =VLOOKUP(B22,ffbbudgettwofive,17,FALSE) -> 93 | AO22: =VLOOKUP(B22,ffbbudgettwofive,18,FALSE) -> 85
B23: 29 | C23: =VLOOKUP(B23,ERDI,2,FALSE) -> 11.38 | D23: =VLOOKUP(B23,ERDI,4,FALSE) -> 4.74 | E23: =VLOOKUP(B23,ERDI,5,FALSE) -> 10.38 | F23: =VLOOKUP(B23,ERDI,6,FALSE) -> 0 | G23: =SUM(D23:F23) -> 15.12 | H23: =VLOOKUP(B23,ERDI,3,FALSE) -> 7 | I23: =G23/C23 -> 1.3286467 | J23: =H23/C23 -> 0.61511424 | K23: =VLOOKUP(B23,year2022to23,311,FALSE) -> 97.54 | L23: =SUM(AD23:AO23) -> 70.53 | M23: =K23/C23 -> 8.5711775 | N23: =L23/C23 -> 6.1977153 | AD23: =VLOOKUP(B23,ffbbudgettwofive,7,FALSE) -> 3.45 | AE23: =VLOOKUP(B23,ffbbudgettwofive,8,FALSE) -> 2.76 | AF23: =VLOOKUP(B23,ffbbudgettwofive,9,FALSE) -> 4.83 | AG23: =VLOOKUP(B23,ffbbudgettwofive,10,FALSE) -> 4.83 | AH23: =VLOOKUP(B23,ffbbudgettwofive,11,FALSE) -> 4.83 | AI23: =VLOOKUP(B23,ffbbudgettwofive,12,FALSE) -> 4.83 | AJ23: =VLOOKUP(B23,ffbbudgettwofive,13,FALSE) -> 6 | AK23: =VLOOKUP(B23,ffbbudgettwofive,14,FALSE) -> 7 | AL23: =VLOOKUP(B23,ffbbudgettwofive,15,FALSE) -> 7 | AM23: =VLOOKUP(B23,ffbbudgettwofive,16,FALSE) -> 10 | AN23: =VLOOKUP(B23,ffbbudgettwofive,17,FALSE) -> 8 | AO23: =VLOOKUP(B23,ffbbudgettwofive,18,FALSE) -> 7
A25: SOFIO MODENTUS MISSA GANG - previously SERAN | C25: ='SOFIO GANG'!B13 -> 262.5 | D25: ='SOFIO GANG'!D13 -> 267.13 | E25: ='SOFIO GANG'!E13 -> 97 | F25: ='SOFIO GANG'!F13 -> 0 | G25: =SUM(D25:F25) -> 364.13 | H25: ='SOFIO GANG'!C13 -> 511 | I25: =G25/C25 -> 1.3871619 | J25: =H25/C25 -> 1.9466667 | K25: =SUM(K26:K31) -> 4293.8 | L25: =ROUND(SUM(L26:L31),0) -> 5108 | M25: =K25/C25 -> 16.357333 | N25: =L25/C25 -> 19.459048 | AD25: Jan | AE25: Feb | AF25: Mar | AG25: Apr | AH25: May | AI25: Jun | AJ25: Jul | AK25: Aug | AL25: Sep | AM25: Oct | AN25: Nov | AO25: Dec
B26: 4 | C26: =VLOOKUP(B26,SERAN,2,FALSE) -> 70.6 | D26: =VLOOKUP(B26,SERAN,4,FALSE) -> 65.04 | E26: =VLOOKUP(B26,SERAN,5,FALSE) -> 0 | F26: =VLOOKUP(B26,SERAN,6,FALSE) -> 0 | G26: =SUM(D26:F26) -> 65.04 | H26: =VLOOKUP(B26,SERAN,3,FALSE) -> 141 | I26: =G26/C26 -> 0.92124646 | J26: =H26/C26 -> 1.9971671 | K26: =VLOOKUP(B26,year2022to23,311,FALSE) -> 1063.57 | L26: =SUM(AD26:AO26) -> 1411.44 | M26: =K26/C26 -> 15.064731 | N26: =L26/C26 -> 19.992068 | AD26: =VLOOKUP(B26,ffbbudgettwofive,7,FALSE) -> 70.6 | AE26: =VLOOKUP(B26,ffbbudgettwofive,8,FALSE) -> 56.48 | AF26: =VLOOKUP(B26,ffbbudgettwofive,9,FALSE) -> 98.84 | AG26: =VLOOKUP(B26,ffbbudgettwofive,10,FALSE) -> 98.84 | AH26: =VLOOKUP(B26,ffbbudgettwofive,11,FALSE) -> 98.84 | AI26: =VLOOKUP(B26,ffbbudgettwofive,12,FALSE) -> 98.84 | AJ26: =VLOOKUP(B26,ffbbudgettwofive,13,FALSE) -> 113 | AK26: =VLOOKUP(B26,ffbbudgettwofive,14,FALSE) -> 141 | AL26: =VLOOKUP(B26,ffbbudgettwofive,15,FALSE) -> 141 | AM26: =VLOOKUP(B26,ffbbudgettwofive,16,FALSE) -> 198 | AN26: =VLOOKUP(B26,ffbbudgettwofive,17,FALSE) -> 155 | AO26: =VLOOKUP(B26,ffbbudgettwofive,18,FALSE) -> 141
B27: 5 | C27: =VLOOKUP(B27,SERAN,2,FALSE) -> 50.4 | D27: =VLOOKUP(B27,SERAN,4,FALSE) -> 47.44 | E27: =VLOOKUP(B27,SERAN,5,FALSE) -> 32.09 | F27: =VLOOKUP(B27,SERAN,6,FALSE) -> 0 | G27: =SUM(D27:F27) -> 79.53 | H27: =VLOOKUP(B27,SERAN,3,FALSE) -> 101 | I27: =G27/C27 -> 1.5779762 | J27: =H27/C27 -> 2.0039683 | K27: =VLOOKUP(B27,year2022to23,311,FALSE) -> 835.29 | L27: =SUM(AD27:AO27) -> 1008.96 | M27: =K27/C27 -> 16.573214 | N27: =L27/C27 -> 20.019048 | AD27: =VLOOKUP(B27,ffbbudgettwofive,7,FALSE) -> 50.4 | AE27: =VLOOKUP(B27,ffbbudgettwofive,8,FALSE) -> 40.32 | AF27: =VLOOKUP(B27,ffbbudgettwofive,9,FALSE) -> 70.56 | AG27: =VLOOKUP(B27,ffbbudgettwofive,10,FALSE) -> 70.56 | AH27: =VLOOKUP(B27,ffbbudgettwofive,11,FALSE) -> 70.56 | AI27: =VLOOKUP(B27,ffbbudgettwofive,12,FALSE) -> 70.56 | AJ27: =VLOOKUP(B27,ffbbudgettwofive,13,FALSE) -> 81 | AK27: =VLOOKUP(B27,ffbbudgettwofive,14,FALSE) -> 101 | AL27: =VLOOKUP(B27,ffbbudgettwofive,15,FALSE) -> 101 | AM27: =VLOOKUP(B27,ffbbudgettwofive,16,FALSE) -> 141 | AN27: =VLOOKUP(B27,ffbbudgettwofive,17,FALSE) -> 111 | AO27: =VLOOKUP(B27,ffbbudgettwofive,18,FALSE) -> 101
B28: 6 | C28: =VLOOKUP(B28,SERAN,2,FALSE) -> 58.6 | D28: =VLOOKUP(B28,SERAN,4,FALSE) -> 60.33 | E28: =VLOOKUP(B28,SERAN,5,FALSE) -> 64.91 | F28: =VLOOKUP(B28,SERAN,6,FALSE) -> 0 | G28: =SUM(D28:F28) -> 125.24 | H28: =VLOOKUP(B28,SERAN,3,FALSE) -> 117 | I28: =G28/C28 -> 2.1372014 | J28: =H28/C28 -> 1.996587 | K28: =VLOOKUP(B28,year2022to23,311,FALSE) -> 961.24 | L28: =SUM(AD28:AO28) -> 1171.64 | M28: =K28/C28 -> 16.403413 | N28: =L28/C28 -> 19.993857 | AD28: =VLOOKUP(B28,ffbbudgettwofive,7,FALSE) -> 58.6 | AE28: =VLOOKUP(B28,ffbbudgettwofive,8,FALSE) -> 46.88 | AF28: =VLOOKUP(B28,ffbbudgettwofive,9,FALSE) -> 82.04 | AG28: =VLOOKUP(B28,ffbbudgettwofive,10,FALSE) -> 82.04 | AH28: =VLOOKUP(B28,ffbbudgettwofive,11,FALSE) -> 82.04 | AI28: =VLOOKUP(B28,ffbbudgettwofive,12,FALSE) -> 82.04 | AJ28: =VLOOKUP(B28,ffbbudgettwofive,13,FALSE) -> 94 | AK28: =VLOOKUP(B28,ffbbudgettwofive,14,FALSE) -> 117 | AL28: =VLOOKUP(B28,ffbbudgettwofive,15,FALSE) -> 117 | AM28: =VLOOKUP(B28,ffbbudgettwofive,16,FALSE) -> 164 | AN28: =VLOOKUP(B28,ffbbudgettwofive,17,FALSE) -> 129 | AO28: =VLOOKUP(B28,ffbbudgettwofive,18,FALSE) -> 117
B29: 7 | C29: =VLOOKUP(B29,SERAN,2,FALSE) -> 23.6 | D29: =VLOOKUP(B29,SERAN,4,FALSE) -> 19.15 | E29: =VLOOKUP(B29,SERAN,5,FALSE) -> 0 | F29: =VLOOKUP(B29,SERAN,6,FALSE) -> 0 | G29: =SUM(D29:F29) -> 19.15 | H29: =VLOOKUP(B29,SERAN,3,FALSE) -> 40 | I29: =G29/C29 -> 0.81144068 | J29: =H29/C29 -> 1.6949153 | K29: =VLOOKUP(B29,year2022to23,311,FALSE) -> 334.61 | L29: =SUM(AD29:AO29) -> 400.37 | M29: =K29/C29 -> 14.17839 | N29: =L29/C29 -> 16.964831 | AD29: =VLOOKUP(B29,ffbbudgettwofive,7,FALSE) -> 20.05 | AE29: =VLOOKUP(B29,ffbbudgettwofive,8,FALSE) -> 16.04 | AF29: =VLOOKUP(B29,ffbbudgettwofive,9,FALSE) -> 28.07 | AG29: =VLOOKUP(B29,ffbbudgettwofive,10,FALSE) -> 28.07 | AH29: =VLOOKUP(B29,ffbbudgettwofive,11,FALSE) -> 28.07 | AI29: =VLOOKUP(B29,ffbbudgettwofive,12,FALSE) -> 28.07 | AJ29: =VLOOKUP(B29,ffbbudgettwofive,13,FALSE) -> 32 | AK29: =VLOOKUP(B29,ffbbudgettwofive,14,FALSE) -> 40 | AL29: =VLOOKUP(B29,ffbbudgettwofive,15,FALSE) -> 40 | AM29: =VLOOKUP(B29,ffbbudgettwofive,16,FALSE) -> 56 | AN29: =VLOOKUP(B29,ffbbudgettwofive,17,FALSE) -> 44 | AO29: =VLOOKUP(B29,ffbbudgettwofive,18,FALSE) -> 40
B30: 23 | C30: =VLOOKUP(B30,SERAN,2,FALSE) -> 14.6 | D30: =VLOOKUP(B30,SERAN,4,FALSE) -> 25.26 | E30: =VLOOKUP(B30,SERAN,5,FALSE) -> 0 | F30: =VLOOKUP(B30,SERAN,6,FALSE) -> 0 | G30: =SUM(D30:F30) -> 25.26 | H30: =VLOOKUP(B30,SERAN,3,FALSE) -> 31 | I30: =G30/C30 -> 1.730137 | J30: =H30/C30 -> 2.1232877 | K30: =VLOOKUP(B30,year2022to23,311,FALSE) -> 291.61 | L30: =SUM(AD30:AO30) -> 308.59 | M30: =K30/C30 -> 19.973288 | N30: =L30/C30 -> 21.136301 | AD30: =VLOOKUP(B30,ffbbudgettwofive,7,FALSE) -> 15.35 | AE30: =VLOOKUP(B30,ffbbudgettwofive,8,FALSE) -> 12.28 | AF30: =VLOOKUP(B30,ffbbudgettwofive,9,FALSE) -> 21.49 | AG30: =VLOOKUP(B30,ffbbudgettwofive,10,FALSE) -> 21.49 | AH30: =VLOOKUP(B30,ffbbudgettwofive,11,FALSE) -> 21.49 | AI30: =VLOOKUP(B30,ffbbudgettwofive,12,FALSE) -> 21.49 | AJ30: =VLOOKUP(B30,ffbbudgettwofive,13,FALSE) -> 25 | AK30: =VLOOKUP(B30,ffbbudgettwofive,14,FALSE) -> 31 | AL30: =VLOOKUP(B30,ffbbudgettwofive,15,FALSE) -> 31 | AM30: =VLOOKUP(B30,ffbbudgettwofive,16,FALSE) -> 43 | AN30: =VLOOKUP(B30,ffbbudgettwofive,17,FALSE) -> 34 | AO30: =VLOOKUP(B30,ffbbudgettwofive,18,FALSE) -> 31
B31: 24 | C31: =VLOOKUP(B31,SERAN,2,FALSE) -> 44.7 | D31: =VLOOKUP(B31,SERAN,4,FALSE) -> 49.91 | E31: =VLOOKUP(B31,SERAN,5,FALSE) -> 0 | F31: =VLOOKUP(B31,SERAN,6,FALSE) -> 0 | G31: =SUM(D31:F31) -> 49.91 | H31: =VLOOKUP(B31,SERAN,3,FALSE) -> 81 | I31: =G31/C31 -> 1.1165548 | J31: =H31/C31 -> 1.8120805 | K31: =VLOOKUP(B31,year2022to23,311,FALSE) -> 807.48 | L31: =SUM(AD31:AO31) -> 806.85 | M31: =K31/C31 -> 18.06443 | N31: =L31/C31 -> 18.050336 | AD31: =VLOOKUP(B31,ffbbudgettwofive,7,FALSE) -> 40.25 | AE31: =VLOOKUP(B31,ffbbudgettwofive,8,FALSE) -> 32.2 | AF31: =VLOOKUP(B31,ffbbudgettwofive,9,FALSE) -> 56.35 | AG31: =VLOOKUP(B31,ffbbudgettwofive,10,FALSE) -> 56.35 | AH31: =VLOOKUP(B31,ffbbudgettwofive,11,FALSE) -> 56.35 | AI31: =VLOOKUP(B31,ffbbudgettwofive,12,FALSE) -> 56.35 | AJ31: =VLOOKUP(B31,ffbbudgettwofive,13,FALSE) -> 64 | AK31: =VLOOKUP(B31,ffbbudgettwofive,14,FALSE) -> 81 | AL31: =VLOOKUP(B31,ffbbudgettwofive,15,FALSE) -> 81 | AM31: =VLOOKUP(B31,ffbbudgettwofive,16,FALSE) -> 113 | AN31: =VLOOKUP(B31,ffbbudgettwofive,17,FALSE) -> 89 | AO31: =VLOOKUP(B31,ffbbudgettwofive,18,FALSE) -> 81
A33: NU AZANI GANG | C33: ='NU AZANI GANG'!B13 -> 291.6 | D33: ='NU AZANI GANG'!D13 -> 259.99 | E33: ='NU AZANI GANG'!E13 -> 145.63 | F33: ='NU AZANI GANG'!F13 -> 0 | G33: =SUM(D33:F33) -> 405.62 | H33: ='NU AZANI GANG'!C13 -> 594 | I33: =G33/C33 -> 1.3910151 | J33: =H33/C33 -> 2.037037 | K33: =SUM(K34:K39) -> 4491.63 | L33: =ROUND(SUM(L34:L39),0)-2 -> 5940 | M33: =K33/C33 -> 15.403395 | N33: =L33/C33 -> 20.37037 | AD33: Jan | AE33: Feb | AF33: Mar | AG33: Apr | AH33: May | AI33: Jun | AJ33: Jul | AK33: Aug | AL33: Sep | AM33: Oct | AN33: Nov | AO33: Dec
B34: 8 | C34: =VLOOKUP(B34,NURAZANI,2,FALSE) -> 61.6 | D34: =VLOOKUP(B34,NURAZANI,4,FALSE) -> 59.31 | E34: =VLOOKUP(B34,NURAZANI,5,FALSE) -> 7.63 | F34: =VLOOKUP(B34,NURAZANI,6,FALSE) -> 0 | G34: =SUM(D34:F34) -> 66.94 | H34: =VLOOKUP(B34,NURAZANI,3,FALSE) -> 123 | I34: =G34/C34 -> 1.0866883 | J34: =H34/C34 -> 1.9967532 | K34: =VLOOKUP(B34,year2022to23,311,FALSE) -> 906.12 | L34: =SUM(AD34:AO34) -> 1231.84 | M34: =K34/C34 -> 14.70974 | N34: =L34/C34 -> 19.997403 | AD34: =VLOOKUP(B34,ffbbudgettwofive,7,FALSE) -> 61.6 | AE34: =VLOOKUP(B34,ffbbudgettwofive,8,FALSE) -> 49.28 | AF34: =VLOOKUP(B34,ffbbudgettwofive,9,FALSE) -> 86.24 | AG34: =VLOOKUP(B34,ffbbudgettwofive,10,FALSE) -> 86.24 | AH34: =VLOOKUP(B34,ffbbudgettwofive,11,FALSE) -> 86.24 | AI34: =VLOOKUP(B34,ffbbudgettwofive,12,FALSE) -> 86.24 | AJ34: =VLOOKUP(B34,ffbbudgettwofive,13,FALSE) -> 99 | AK34: =VLOOKUP(B34,ffbbudgettwofive,14,FALSE) -> 123 | AL34: =VLOOKUP(B34,ffbbudgettwofive,15,FALSE) -> 123 | AM34: =VLOOKUP(B34,ffbbudgettwofive,16,FALSE) -> 172 | AN34: =VLOOKUP(B34,ffbbudgettwofive,17,FALSE) -> 136 | AO34: =VLOOKUP(B34,ffbbudgettwofive,18,FALSE) -> 123
B35: 9 | C35: =VLOOKUP(B35,NURAZANI,2,FALSE) -> 38.3 | D35: =VLOOKUP(B35,NURAZANI,4,FALSE) -> 33.01 | E35: =VLOOKUP(B35,NURAZANI,5,FALSE) -> 0 | F35: =VLOOKUP(B35,NURAZANI,6,FALSE) -> 0 | G35: =SUM(D35:F35) -> 33.01 | H35: =VLOOKUP(B35,NURAZANI,3,FALSE) -> 69 | I35: =G35/C35 -> 0.8618799 | J35: =H35/C35 -> 1.8015666 | K35: =VLOOKUP(B35,year2022to23,311,FALSE) -> 486.12 | L35: =SUM(AD35:AO35) -> 689.93 | M35: =K35/C35 -> 12.692428 | N35: =L35/C35 -> 18.013838 | AD35: =VLOOKUP(B35,ffbbudgettwofive,7,FALSE) -> 34.45 | AE35: =VLOOKUP(B35,ffbbudgettwofive,8,FALSE) -> 27.56 | AF35: =VLOOKUP(B35,ffbbudgettwofive,9,FALSE) -> 48.23 | AG35: =VLOOKUP(B35,ffbbudgettwofive,10,FALSE) -> 48.23 | AH35: =VLOOKUP(B35,ffbbudgettwofive,11,FALSE) -> 48.23 | AI35: =VLOOKUP(B35,ffbbudgettwofive,12,FALSE) -> 48.23 | AJ35: =VLOOKUP(B35,ffbbudgettwofive,13,FALSE) -> 55 | AK35: =VLOOKUP(B35,ffbbudgettwofive,14,FALSE) -> 69 | AL35: =VLOOKUP(B35,ffbbudgettwofive,15,FALSE) -> 69 | AM35: =VLOOKUP(B35,ffbbudgettwofive,16,FALSE) -> 97 | AN35: =VLOOKUP(B35,ffbbudgettwofive,17,FALSE) -> 76 | AO35: =VLOOKUP(B35,ffbbudgettwofive,18,FALSE) -> 69
B36: 12 | C36: =VLOOKUP(B36,NURAZANI,2,FALSE) -> 71 | D36: =VLOOKUP(B36,NURAZANI,4,FALSE) -> 49.47 | E36: =VLOOKUP(B36,NURAZANI,5,FALSE) -> 43.91 | F36: =VLOOKUP(B36,NURAZANI,6,FALSE) -> 0 | G36: =SUM(D36:F36) -> 93.38 | H36: =VLOOKUP(B36,NURAZANI,3,FALSE) -> 142 | I36: =G36/C36 -> 1.3152113 | J36: =H36/C36 -> 2 | K36: =VLOOKUP(B36,year2022to23,311,FALSE) -> 1000.74 | L36: =SUM(AD36:AO36) -> 1420.4 | M36: =K36/C36 -> 14.09493 | N36: =L36/C36 -> 20.005634 | AD36: =VLOOKUP(B36,ffbbudgettwofive,7,FALSE) -> 71 | AE36: =VLOOKUP(B36,ffbbudgettwofive,8,FALSE) -> 56.8 | AF36: =VLOOKUP(B36,ffbbudgettwofive,9,FALSE) -> 99.4 | AG36: =VLOOKUP(B36,ffbbudgettwofive,10,FALSE) -> 99.4 | AH36: =VLOOKUP(B36,ffbbudgettwofive,11,FALSE) -> 99.4 | AI36: =VLOOKUP(B36,ffbbudgettwofive,12,FALSE) -> 99.4 | AJ36: =VLOOKUP(B36,ffbbudgettwofive,13,FALSE) -> 114 | AK36: =VLOOKUP(B36,ffbbudgettwofive,14,FALSE) -> 142 | AL36: =VLOOKUP(B36,ffbbudgettwofive,15,FALSE) -> 142 | AM36: =VLOOKUP(B36,ffbbudgettwofive,16,FALSE) -> 199 | AN36: =VLOOKUP(B36,ffbbudgettwofive,17,FALSE) -> 156 | AO36: =VLOOKUP(B36,ffbbudgettwofive,18,FALSE) -> 142
B37: 10 | C37: =VLOOKUP(B37,NURAZANI,2,FALSE) -> 19.1 | D37: =VLOOKUP(B37,NURAZANI,4,FALSE) -> 13.41 | E37: =VLOOKUP(B37,NURAZANI,5,FALSE) -> 0 | F37: =VLOOKUP(B37,NURAZANI,6,FALSE) -> 0 | G37: =SUM(D37:F37) -> 13.41 | H37: =VLOOKUP(B37,NURAZANI,3,FALSE) -> 36 | I37: =G37/C37 -> 0.70209424 | J37: =H37/C37 -> 1.8848168 | K37: =VLOOKUP(B37,year2022to23,311,FALSE) -> 259.04 | L37: =SUM(AD37:AO37) -> 362.31 | M37: =K37/C37 -> 13.562304 | N37: =L37/C37 -> 18.96911 | AD37: =VLOOKUP(B37,ffbbudgettwofive,7,FALSE) -> 18.15 | AE37: =VLOOKUP(B37,ffbbudgettwofive,8,FALSE) -> 14.52 | AF37: =VLOOKUP(B37,ffbbudgettwofive,9,FALSE) -> 25.41 | AG37: =VLOOKUP(B37,ffbbudgettwofive,10,FALSE) -> 25.41 | AH37: =VLOOKUP(B37,ffbbudgettwofive,11,FALSE) -> 25.41 | AI37: =VLOOKUP(B37,ffbbudgettwofive,12,FALSE) -> 25.41 | AJ37: =VLOOKUP(B37,ffbbudgettwofive,13,FALSE) -> 29 | AK37: =VLOOKUP(B37,ffbbudgettwofive,14,FALSE) -> 36 | AL37: =VLOOKUP(B37,ffbbudgettwofive,15,FALSE) -> 36 | AM37: =VLOOKUP(B37,ffbbudgettwofive,16,FALSE) -> 51 | AN37: =VLOOKUP(B37,ffbbudgettwofive,17,FALSE) -> 40 | AO37: =VLOOKUP(B37,ffbbudgettwofive,18,FALSE) -> 36
B38: 13 | C38: =VLOOKUP(B38,NURAZANI,2,FALSE) -> 60.8 | D38: =VLOOKUP(B38,NURAZANI,4,FALSE) -> 59.58 | E38: =VLOOKUP(B38,NURAZANI,5,FALSE) -> 53.37 | F38: =VLOOKUP(B38,NURAZANI,6,FALSE) -> 0 | G38: =SUM(D38:F38) -> 112.95 | H38: =VLOOKUP(B38,NURAZANI,3,FALSE) -> 134 | I38: =G38/C38 -> 1.8577303 | J38: =H38/C38 -> 2.2039474 | K38: =VLOOKUP(B38,year2022to23,311,FALSE) -> 1038.9 | L38: =SUM(AD38:AO38) -> 1338.06 | M38: =K38/C38 -> 17.087171 | N38: =L38/C38 -> 22.007566 | AD38: =VLOOKUP(B38,ffbbudgettwofive,7,FALSE) -> 66.9 | AE38: =VLOOKUP(B38,ffbbudgettwofive,8,FALSE) -> 53.52 | AF38: =VLOOKUP(B38,ffbbudgettwofive,9,FALSE) -> 93.66 | AG38: =VLOOKUP(B38,ffbbudgettwofive,10,FALSE) -> 93.66 | AH38: =VLOOKUP(B38,ffbbudgettwofive,11,FALSE) -> 93.66 | AI38: =VLOOKUP(B38,ffbbudgettwofive,12,FALSE) -> 93.66 | AJ38: =VLOOKUP(B38,ffbbudgettwofive,13,FALSE) -> 107 | AK38: =VLOOKUP(B38,ffbbudgettwofive,14,FALSE) -> 134 | AL38: =VLOOKUP(B38,ffbbudgettwofive,15,FALSE) -> 134 | AM38: =VLOOKUP(B38,ffbbudgettwofive,16,FALSE) -> 187 | AN38: =VLOOKUP(B38,ffbbudgettwofive,17,FALSE) -> 147 | AO38: =VLOOKUP(B38,ffbbudgettwofive,18,FALSE) -> 134
B39: 18 | C39: =VLOOKUP(B39,NURAZANI,2,FALSE) -> 40.8 | D39: =VLOOKUP(B39,NURAZANI,4,FALSE) -> 45.21 | E39: =VLOOKUP(B39,NURAZANI,5,FALSE) -> 40.72 | F39: =VLOOKUP(B39,NURAZANI,6,FALSE) -> 0 | G39: =SUM(D39:F39) -> 85.93 | H39: =VLOOKUP(B39,NURAZANI,3,FALSE) -> 90 | I39: =G39/C39 -> 2.1061275 | J39: =H39/C39 -> 2.2058824 | K39: =VLOOKUP(B39,year2022to23,311,FALSE) -> 800.71 | L39: =SUM(AD39:AO39) -> 899.26 | M39: =K39/C39 -> 19.625245 | N39: =L39/C39 -> 22.040686 | AD39: =VLOOKUP(B39,ffbbudgettwofive,7,FALSE) -> 44.9 | AE39: =VLOOKUP(B39,ffbbudgettwofive,8,FALSE) -> 35.92 | AF39: =VLOOKUP(B39,ffbbudgettwofive,9,FALSE) -> 62.86 | AG39: =VLOOKUP(B39,ffbbudgettwofive,10,FALSE) -> 62.86 | AH39: =VLOOKUP(B39,ffbbudgettwofive,11,FALSE) -> 62.86 | AI39: =VLOOKUP(B39,ffbbudgettwofive,12,FALSE) -> 62.86 | AJ39: =VLOOKUP(B39,ffbbudgettwofive,13,FALSE) -> 72 | AK39: =VLOOKUP(B39,ffbbudgettwofive,14,FALSE) -> 90 | AL39: =VLOOKUP(B39,ffbbudgettwofive,15,FALSE) -> 90 | AM39: =VLOOKUP(B39,ffbbudgettwofive,16,FALSE) -> 126 | AN39: =VLOOKUP(B39,ffbbudgettwofive,17,FALSE) -> 99 | AO39: =VLOOKUP(B39,ffbbudgettwofive,18,FALSE) -> 90
A41: WENDERLINUS GANG | C41: ='WENDERLINUS GANG '!B15 -> 196.73 | D41: ='WENDERLINUS GANG '!D15 -> 109.34 | E41: ='WENDERLINUS GANG '!E15 -> 62.1 | F41: ='WENDERLINUS GANG '!F15 -> 0 | G41: =SUM(D41:F41) -> 171.44 | H41: ='WENDERLINUS GANG '!C15 -> 124 | I41: =G41/C41 -> 0.87144818 | J41: =H41/C41 -> 0.63030549 | K41: =SUM(K42:K49) -> 2108.47 | L41: =ROUND(SUM(L42:L49),0)-2 -> 1230 | M41: =K41/C41 -> 10.717582 | N41: =L41/C41 -> 6.2522239 | AD41: Jan | AE41: Feb | AF41: Mar | AG41: Apr | AH41: May | AI41: Jun | AJ41: Jul | AK41: Aug | AL41: Sep | AM41: Oct | AN41: Nov | AO41: Dec
B42: 25 | C42: =VLOOKUP(B42,WENDERLINUS,2,FALSE) -> 38.22 | D42: =VLOOKUP(B42,WENDERLINUS,4,FALSE) -> 12.27 | E42: =VLOOKUP(B42,WENDERLINUS,5,FALSE) -> 9.43 | F42: =VLOOKUP(B42,WENDERLINUS,6,FALSE) -> 0 | G42: =SUM(D42:F42) -> 21.7 | H42: =VLOOKUP(B42,WENDERLINUS,3,FALSE) -> 13 | I42: =G42/C42 -> 0.56776557 | J42: =H42/C42 -> 0.34013605 | K42: =VLOOKUP(B42,year2022to23,311,FALSE) -> 330.31 | L42: =SUM(AD42:AO42) -> 133.58 | M42: =K42/C42 -> 8.6423339 | N42: =L42/C42 -> 3.4950288 | AD42: =VLOOKUP(B42,ffbbudgettwofive,7,FALSE) -> 6.7 | AE42: =VLOOKUP(B42,ffbbudgettwofive,8,FALSE) -> 5.36 | AF42: =VLOOKUP(B42,ffbbudgettwofive,9,FALSE) -> 9.38 | AG42: =VLOOKUP(B42,ffbbudgettwofive,10,FALSE) -> 9.38 | AH42: =VLOOKUP(B42,ffbbudgettwofive,11,FALSE) -> 9.38 | AI42: =VLOOKUP(B42,ffbbudgettwofive,12,FALSE) -> 9.38 | AJ42: =VLOOKUP(B42,ffbbudgettwofive,13,FALSE) -> 11 | AK42: =VLOOKUP(B42,ffbbudgettwofive,14,FALSE) -> 13 | AL42: =VLOOKUP(B42,ffbbudgettwofive,15,FALSE) -> 13 | AM42: =VLOOKUP(B42,ffbbudgettwofive,16,FALSE) -> 19 | AN42: =VLOOKUP(B42,ffbbudgettwofive,17,FALSE) -> 15 | AO42: =VLOOKUP(B42,ffbbudgettwofive,18,FALSE) -> 13
B43: 26A | C43: =VLOOKUP(B43,WENDERLINUS,2,FALSE) -> 22.72 | D43: =VLOOKUP(B43,WENDERLINUS,4,FALSE) -> 10.02 | E43: =VLOOKUP(B43,WENDERLINUS,5,FALSE) -> 18.23 | F43: =VLOOKUP(B43,WENDERLINUS,6,FALSE) -> 0 | G43: =SUM(D43:F43) -> 28.25 | H43: =VLOOKUP(B43,WENDERLINUS,3,FALSE) -> 11 | I43: =G43/C43 -> 1.2433979 | J43: =H43/C43 -> 0.48415493 | K43: =VLOOKUP(B43,year2022to23,311,FALSE) -> 281.24 | L43: =SUM(AD43:AO43) -> 108.96 | M43: =K43/C43 -> 12.378521 | N43: =L43/C43 -> 4.7957746 | AD43: =VLOOKUP(B43,ffbbudgettwofive,7,FALSE) -> 5.4 | AE43: =VLOOKUP(B43,ffbbudgettwofive,8,FALSE) -> 4.32 | AF43: =VLOOKUP(B43,ffbbudgettwofive,9,FALSE) -> 7.56 | AG43: =VLOOKUP(B43,ffbbudgettwofive,10,FALSE) -> 7.56 | AH43: =VLOOKUP(B43,ffbbudgettwofive,11,FALSE) -> 7.56 | AI43: =VLOOKUP(B43,ffbbudgettwofive,12,FALSE) -> 7.56 | AJ43: =VLOOKUP(B43,ffbbudgettwofive,13,FALSE) -> 9 | AK43: =VLOOKUP(B43,ffbbudgettwofive,14,FALSE) -> 11 | AL43: =VLOOKUP(B43,ffbbudgettwofive,15,FALSE) -> 11 | AM43: =VLOOKUP(B43,ffbbudgettwofive,16,FALSE) -> 15 | AN43: =VLOOKUP(B43,ffbbudgettwofive,17,FALSE) -> 12 | AO43: =VLOOKUP(B43,ffbbudgettwofive,18,FALSE) -> 11
B44: 27 | C44: =VLOOKUP(B44,WENDERLINUS,2,FALSE) -> 18.64 | D44: =VLOOKUP(B44,WENDERLINUS,4,FALSE) -> 10 | E44: =VLOOKUP(B44,WENDERLINUS,5,FALSE) -> 9 | F44: =VLOOKUP(B44,WENDERLINUS,6,FALSE) -> 0 | G44: =SUM(D44:F44) -> 19 | H44: =VLOOKUP(B44,WENDERLINUS,3,FALSE) -> 9 | I44: =G44/C44 -> 1.0193133 | J44: =H44/C44 -> 0.48283262 | K44: =VLOOKUP(B44,year2022to23,311,FALSE) -> 191.64 | L44: =SUM(AD44:AO44) -> 86.82 | M44: =K44/C44 -> 10.281116 | N44: =L44/C44 -> 4.6577253 | AD44: =VLOOKUP(B44,ffbbudgettwofive,7,FALSE) -> 4.3 | AE44: =VLOOKUP(B44,ffbbudgettwofive,8,FALSE) -> 3.44 | AF44: =VLOOKUP(B44,ffbbudgettwofive,9,FALSE) -> 6.02 | AG44: =VLOOKUP(B44,ffbbudgettwofive,10,FALSE) -> 6.02 | AH44: =VLOOKUP(B44,ffbbudgettwofive,11,FALSE) -> 6.02 | AI44: =VLOOKUP(B44,ffbbudgettwofive,12,FALSE) -> 6.02 | AJ44: =VLOOKUP(B44,ffbbudgettwofive,13,FALSE) -> 7 | AK44: =VLOOKUP(B44,ffbbudgettwofive,14,FALSE) -> 9 | AL44: =VLOOKUP(B44,ffbbudgettwofive,15,FALSE) -> 9 | AM44: =VLOOKUP(B44,ffbbudgettwofive,16,FALSE) -> 12 | AN44: =VLOOKUP(B44,ffbbudgettwofive,17,FALSE) -> 9 | AO44: =VLOOKUP(B44,ffbbudgettwofive,18,FALSE) -> 9
B45: 28 | C45: =VLOOKUP(B45,WENDERLINUS,2,FALSE) -> 25.5 | D45: =VLOOKUP(B45,WENDERLINUS,4,FALSE) -> 23.75 | E45: =VLOOKUP(B45,WENDERLINUS,5,FALSE) -> 0 | F45: =VLOOKUP(B45,WENDERLINUS,6,FALSE) -> 0 | G45: =SUM(D45:F45) -> 23.75 | H45: =VLOOKUP(B45,WENDERLINUS,3,FALSE) -> 26 | I45: =G45/C45 -> 0.93137255 | J45: =H45/C45 -> 1.0196078 | K45: =VLOOKUP(B45,year2022to23,311,FALSE) -> 331.57 | L45: =SUM(AD45:AO45) -> 257.72 | M45: =K45/C45 -> 13.002745 | N45: =L45/C45 -> 10.106667 | AD45: =VLOOKUP(B45,ffbbudgettwofive,7,FALSE) -> 12.8 | AE45: =VLOOKUP(B45,ffbbudgettwofive,8,FALSE) -> 10.24 | AF45: =VLOOKUP(B45,ffbbudgettwofive,9,FALSE) -> 17.92 | AG45: =VLOOKUP(B45,ffbbudgettwofive,10,FALSE) -> 17.92 | AH45: =VLOOKUP(B45,ffbbudgettwofive,11,FALSE) -> 17.92 | AI45: =VLOOKUP(B45,ffbbudgettwofive,12,FALSE) -> 17.92 | AJ45: =VLOOKUP(B45,ffbbudgettwofive,13,FALSE) -> 21 | AK45: =VLOOKUP(B45,ffbbudgettwofive,14,FALSE) -> 26 | AL45: =VLOOKUP(B45,ffbbudgettwofive,15,FALSE) -> 26 | AM45: =VLOOKUP(B45,ffbbudgettwofive,16,FALSE) -> 36 | AN45: =VLOOKUP(B45,ffbbudgettwofive,17,FALSE) -> 28 | AO45: =VLOOKUP(B45,ffbbudgettwofive,18,FALSE) -> 26
B46: 30 | C46: =VLOOKUP(B46,WENDERLINUS,2,FALSE) -> 24.35 | D46: =VLOOKUP(B46,WENDERLINUS,4,FALSE) -> 12.31 | E46: =VLOOKUP(B46,WENDERLINUS,5,FALSE) -> 0 | F46: =VLOOKUP(B46,WENDERLINUS,6,FALSE) -> 0 | G46: =SUM(D46:F46) -> 12.31 | H46: =VLOOKUP(B46,WENDERLINUS,3,FALSE) -> 7 | I46: =G46/C46 -> 0.50554415 | J46: =H46/C46 -> 0.28747433 | K46: =VLOOKUP(B46,year2022to23,311,FALSE) -> 222.79 | L46: =SUM(AD46:AO46) -> 72.38 | M46: =K46/C46 -> 9.1494867 | N46: =L46/C46 -> 2.9724846 | AD46: =VLOOKUP(B46,ffbbudgettwofive,7,FALSE) -> 3.7 | AE46: =VLOOKUP(B46,ffbbudgettwofive,8,FALSE) -> 2.96 | AF46: =VLOOKUP(B46,ffbbudgettwofive,9,FALSE) -> 5.18 | AG46: =VLOOKUP(B46,ffbbudgettwofive,10,FALSE) -> 5.18 | AH46: =VLOOKUP(B46,ffbbudgettwofive,11,FALSE) -> 5.18 | AI46: =VLOOKUP(B46,ffbbudgettwofive,12,FALSE) -> 5.18 | AJ46: =VLOOKUP(B46,ffbbudgettwofive,13,FALSE) -> 6 | AK46: =VLOOKUP(B46,ffbbudgettwofive,14,FALSE) -> 7 | AL46: =VLOOKUP(B46,ffbbudgettwofive,15,FALSE) -> 7 | AM46: =VLOOKUP(B46,ffbbudgettwofive,16,FALSE) -> 10 | AN46: =VLOOKUP(B46,ffbbudgettwofive,17,FALSE) -> 8 | AO46: =VLOOKUP(B46,ffbbudgettwofive,18,FALSE) -> 7
B47: 31 | C47: =VLOOKUP(B47,WENDERLINUS,2,FALSE) -> 34.08 | D47: =VLOOKUP(B47,WENDERLINUS,4,FALSE) -> 14.02 | E47: =VLOOKUP(B47,WENDERLINUS,5,FALSE) -> 0 | F47: =VLOOKUP(B47,WENDERLINUS,6,FALSE) -> 0 | G47: =SUM(D47:F47) -> 14.02 | H47: =VLOOKUP(B47,WENDERLINUS,3,FALSE) -> 12 | I47: =G47/C47 -> 0.41138498 | J47: =H47/C47 -> 0.35211268 | K47: =VLOOKUP(B47,year2022to23,311,FALSE) -> 233.19 | L47: =SUM(AD47:AO47) -> 116.92 | M47: =K47/C47 -> 6.8424296 | N47: =L47/C47 -> 3.4307512 | AD47: =VLOOKUP(B47,ffbbudgettwofive,7,FALSE) -> 5.8 | AE47: =VLOOKUP(B47,ffbbudgettwofive,8,FALSE) -> 4.64 | AF47: =VLOOKUP(B47,ffbbudgettwofive,9,FALSE) -> 8.12 | AG47: =VLOOKUP(B47,ffbbudgettwofive,10,FALSE) -> 8.12 | AH47: =VLOOKUP(B47,ffbbudgettwofive,11,FALSE) -> 8.12 | AI47: =VLOOKUP(B47,ffbbudgettwofive,12,FALSE) -> 8.12 | AJ47: =VLOOKUP(B47,ffbbudgettwofive,13,FALSE) -> 9 | AK47: =VLOOKUP(B47,ffbbudgettwofive,14,FALSE) -> 12 | AL47: =VLOOKUP(B47,ffbbudgettwofive,15,FALSE) -> 12 | AM47: =VLOOKUP(B47,ffbbudgettwofive,16,FALSE) -> 16 | AN47: =VLOOKUP(B47,ffbbudgettwofive,17,FALSE) -> 13 | AO47: =VLOOKUP(B47,ffbbudgettwofive,18,FALSE) -> 12
B48: 33 | C48: =VLOOKUP(B48,WENDERLINUS,2,FALSE) -> 28.72 | D48: =VLOOKUP(B48,WENDERLINUS,4,FALSE) -> 24.58 | E48: =VLOOKUP(B48,WENDERLINUS,5,FALSE) -> 25.44 | F48: =VLOOKUP(B48,WENDERLINUS,6,FALSE) -> 0 | G48: =SUM(D48:F48) -> 50.02 | H48: =VLOOKUP(B48,WENDERLINUS,3,FALSE) -> 43 | I48: =G48/C48 -> 1.7416435 | J48: =H48/C48 -> 1.4972145 | K48: =VLOOKUP(B48,year2022to23,311,FALSE) -> 478.1 | L48: =SUM(AD48:AO48) -> 429.47 | M48: =K48/C48 -> 16.646936 | N48: =L48/C48 -> 14.953691 | AD48: =VLOOKUP(B48,ffbbudgettwofive,7,FALSE) -> 21.55 | AE48: =VLOOKUP(B48,ffbbudgettwofive,8,FALSE) -> 17.24 | AF48: =VLOOKUP(B48,ffbbudgettwofive,9,FALSE) -> 30.17 | AG48: =VLOOKUP(B48,ffbbudgettwofive,10,FALSE) -> 30.17 | AH48: =VLOOKUP(B48,ffbbudgettwofive,11,FALSE) -> 30.17 | AI48: =VLOOKUP(B48,ffbbudgettwofive,12,FALSE) -> 30.17 | AJ48: =VLOOKUP(B48,ffbbudgettwofive,13,FALSE) -> 34 | AK48: =VLOOKUP(B48,ffbbudgettwofive,14,FALSE) -> 43 | AL48: =VLOOKUP(B48,ffbbudgettwofive,15,FALSE) -> 43 | AM48: =VLOOKUP(B48,ffbbudgettwofive,16,FALSE) -> 60 | AN48: =VLOOKUP(B48,ffbbudgettwofive,17,FALSE) -> 47 | AO48: =VLOOKUP(B48,ffbbudgettwofive,18,FALSE) -> 43
B49: 39 | C49: =VLOOKUP(B49,WENDERLINUS,2,FALSE) -> 4.5 | D49: =VLOOKUP(B49,WENDERLINUS,4,FALSE) -> 2.39 | E49: =VLOOKUP(B49,WENDERLINUS,5,FALSE) -> 0 | F49: =VLOOKUP(B49,WENDERLINUS,6,FALSE) -> 0 | G49: =SUM(D49:F49) -> 2.39 | H49: =VLOOKUP(B49,WENDERLINUS,3,FALSE) -> 3 | I49: =G49/C49 -> 0.53111111 | J49: =H49/C49 -> 0.66666667 | K49: =VLOOKUP(B49,year2022to23,311,FALSE) -> 39.63 | L49: =SUM(AD49:AO49) -> 25.99 | M49: =K49/C49 -> 8.8066667 | N49: =L49/C49 -> 5.7755556 | AD49: =VLOOKUP(B49,ffbbudgettwofive,7,FALSE) -> 0.35 | AE49: =VLOOKUP(B49,ffbbudgettwofive,8,FALSE) -> 0.08 | AF49: =VLOOKUP(B49,ffbbudgettwofive,9,FALSE) -> 1.89 | AG49: =VLOOKUP(B49,ffbbudgettwofive,10,FALSE) -> 1.89 | AH49: =VLOOKUP(B49,ffbbudgettwofive,11,FALSE) -> 1.89 | AI49: =VLOOKUP(B49,ffbbudgettwofive,12,FALSE) -> 1.89 | AJ49: =VLOOKUP(B49,ffbbudgettwofive,13,FALSE) -> 2 | AK49: =VLOOKUP(B49,ffbbudgettwofive,14,FALSE) -> 3 | AL49: =VLOOKUP(B49,ffbbudgettwofive,15,FALSE) -> 3 | AM49: =VLOOKUP(B49,ffbbudgettwofive,16,FALSE) -> 4 | AN49: =VLOOKUP(B49,ffbbudgettwofive,17,FALSE) -> 3 | AO49: =VLOOKUP(B49,ffbbudgettwofive,18,FALSE) -> 3
A51: All Blocks | C51: =C6+C11+C20+C25+C33+C41 -> 1416.51 | D51: =D6+D11+D20+D25+D33+D41 -> 1311.06 | E51: =E6+E11+E20+E25+E33+E41 -> 659.65 | F51: =F6+F11+F20+F25+F33+F41 -> 0 | G51: =G6+G11+G20+G25+G33+G41 -> 1970.71 | H51: =H6+H11+H20+H25+H33+H41 -> 2591 | I51: =G51/C51 -> 1.3912433 | J51: =H51/C51 -> 1.8291435 | K51: =K6+K11+K20+K25+K33+K41 -> 21660.14 | L51: =ROUND((L6+L11+L20+L25+L33+L41),0)-1 -> 25903 | M51: =K51/C51 -> 15.291202 | N51: =L51/C51 -> 18.286493
Q53: 2025
A54: 45962 | Q54: FFB PRODUCTION OF THE MONTH | U54: Budget 2025 (MT) | V54: MT / HA OF THE MONTH | X54: YTD | Z54: YTD MT / HA
A55: Gang | C55: Actual Total (MT) | D55: Actual MT / HA OF THE MONTH | E55: Dec-25 vs Nov-25 Diff. (%) | F55: Actual YTD | G55: Actual YTD MT / HA | H55: Dec-25 vs Nov-25 Diff. (%) | P55: Total HA | Q55: 1st Round (MT) | R55: 2nd Round (MT) | S55: 3rd Round (MT) | T55: Actual Total (MT) | V55: Actual | W55: Budget 2025 | X55: Actual | Y55: Budget 2025 | Z55: Actual | AA55: Budget 2025
A56: YUVENTUS UN GANG | C56: =SUM(Q56:S56) -> 338.84 | D56: =C56/P56 -> 2.0660976 | E56: =(I6-D56)/D56 -> -0.31383544 | F56: =SUM(F57:F59) -> 2477.07 | G56: =F56/P56 -> 15.104085 | H56: =(M6-G56)/G56 -> 0.093860892 | P56: 164 | Q56: 188.85 | R56: 149.99 | S56: 0 | T56: 338.84 | U56: 365 | V56: 2.0660976 | W56: 2.2256098 | X56: 2477.07 | Y56: 2157 | Z56: 15.104085 | AA56: 13.152439 | AD56: Jan | AE56: Feb | AF56: Mar | AG56: Apr | AH56: May | AI56: Jun | AJ56: Jul | AK56: Aug | AL56: Sep | AM56: Oct | AN56: Nov | AO56: Dec
B57: 1 | C57: =SUM(Q57:S57) -> 123.33 | D57: =C57/P57 -> 2.3182331 | E57: =(I7-D57)/D57 -> -0.1352469 | F57: =VLOOKUP(B57,year2022to23,311,FALSE)-VLOOKUP(B57,year2022to23,309,FALSE) -> 803.14 | G57: =F57/P57 -> 15.096617 | H57: =(M7-G57)/G57 -> 0.13279129 | P57: 53.2 | Q57: 56.32 | R57: 67.01 | S57: 0 | T57: 123.33 | U57: 117 | V57: 2.3182331 | W57: 2.1992481 | X57: 803.14 | Y57: 690.68 | Z57: 15.096617 | AA57: 12.982707 | AD57: =VLOOKUP(B57,ffbbudgettwofive,7,FALSE) -> 53.2 | AE57: =VLOOKUP(B57,ffbbudgettwofive,8,FALSE) -> 42.56 | AF57: =VLOOKUP(B57,ffbbudgettwofive,9,FALSE) -> 74.48 | AG57: =VLOOKUP(B57,ffbbudgettwofive,10,FALSE) -> 74.48 | AH57: =VLOOKUP(B57,ffbbudgettwofive,11,FALSE) -> 74.48 | AI57: =VLOOKUP(B57,ffbbudgettwofive,12,FALSE) -> 74.48 | AJ57: =VLOOKUP(B57,ffbbudgettwofive,13,FALSE) -> 85 | AK57: =VLOOKUP(B57,ffbbudgettwofive,14,FALSE) -> 106 | AL57: =VLOOKUP(B57,ffbbudgettwofive,15,FALSE) -> 106 | AM57: =VLOOKUP(B57,ffbbudgettwofive,16,FALSE) -> 149 | AN57: =VLOOKUP(B57,ffbbudgettwofive,17,FALSE) -> 117 | AO57: =VLOOKUP(B57,ffbbudgettwofive,18,FALSE) -> 106
B58: 3 | C58: =SUM(Q58:S58) -> 122.1 | D58: =C58/P58 -> 1.7644509 | E58: =(I8-D58)/D58 -> -0.34471744 | F58: =VLOOKUP(B58,year2022to23,311,FALSE)-VLOOKUP(B58,year2022to23,309,FALSE) -> 1005.74 | G58: =F58/P58 -> 14.533815 | H58: =(M8-G58)/G58 -> 0.079553364 | P58: 69.2 | Q58: 77.78 | R58: 44.32 | S58: 0 | T58: 122.1 | U58: 152 | V58: 1.7644509 | W58: 2.1965318 | X58: 1005.74 | Y58: 899.08 | Z58: 14.533815 | AA58: 12.992486 | AD58: =VLOOKUP(B58,ffbbudgettwofive,7,FALSE) -> 69.2 | AE58: =VLOOKUP(B58,ffbbudgettwofive,8,FALSE) -> 55.36 | AF58: =VLOOKUP(B58,ffbbudgettwofive,9,FALSE) -> 96.88 | AG58: =VLOOKUP(B58,ffbbudgettwofive,10,FALSE) -> 96.88 | AH58: =VLOOKUP(B58,ffbbudgettwofive,11,FALSE) -> 96.88 | AI58: =VLOOKUP(B58,ffbbudgettwofive,12,FALSE) -> 96.88 | AJ58: =VLOOKUP(B58,ffbbudgettwofive,13,FALSE) -> 111 | AK58: =VLOOKUP(B58,ffbbudgettwofive,14,FALSE) -> 138 | AL58: =VLOOKUP(B58,ffbbudgettwofive,15,FALSE) -> 138 | AM58: =VLOOKUP(B58,ffbbudgettwofive,16,FALSE) -> 194 | AN58: =VLOOKUP(B58,ffbbudgettwofive,17,FALSE) -> 152 | AO58: =VLOOKUP(B58,ffbbudgettwofive,18,FALSE) -> 138
B59: 14 | C59: =SUM(Q59:S59) -> 93.41 | D59: =C59/P59 -> 2.2454327 | E59: =(I9-D59)/D59 -> -0.50926025 | F59: =VLOOKUP(B59,year2022to23,311,FALSE)-VLOOKUP(B59,year2022to23,309,FALSE) -> 668.19 | G59: =F59/P59 -> 16.06226 | H59: =(M9-G59)/G59 -> 0.068603242 | P59: 41.6 | Q59: 54.75 | R59: 38.66 | S59: 0 | T59: 93.41 | U59: 96 | V59: 2.2454327 | W59: 2.3076923 | X59: 668.19 | Y59: 567.38 | Z59: 16.06226 | AA59: 13.638942 | AD59: =VLOOKUP(B59,ffbbudgettwofive,7,FALSE) -> 43.7 | AE59: =VLOOKUP(B59,ffbbudgettwofive,8,FALSE) -> 34.96 | AF59: =VLOOKUP(B59,ffbbudgettwofive,9,FALSE) -> 61.18 | AG59: =VLOOKUP(B59,ffbbudgettwofive,10,FALSE) -> 61.18 | AH59: =VLOOKUP(B59,ffbbudgettwofive,11,FALSE) -> 61.18 | AI59: =VLOOKUP(B59,ffbbudgettwofive,12,FALSE) -> 61.18 | AJ59: =VLOOKUP(B59,ffbbudgettwofive,13,FALSE) -> 70 | AK59: =VLOOKUP(B59,ffbbudgettwofive,14,FALSE) -> 87 | AL59: =VLOOKUP(B59,ffbbudgettwofive,15,FALSE) -> 87 | AM59: =VLOOKUP(B59,ffbbudgettwofive,16,FALSE) -> 122 | AN59: =VLOOKUP(B59,ffbbudgettwofive,17,FALSE) -> 96 | AO59: =VLOOKUP(B59,ffbbudgettwofive,18,FALSE) -> 87
A61: DARSO GANG | C61: =SUM(Q61:S61) -> 643.48 | D61: =C61/P61 -> 1.6696419 | E61: =(I11-D61)/D61 -> 0.075666687 | F61: =SUM(F62:F68) -> 5847.5 | G61: =F61/P61 -> 15.172548 | H61: =(M11-G61)/G61 -> 0.11837024 | P61: 385.4 | Q61: 397.54 | R61: 245.94 | S61: 0 | T61: 643.48 | U61: 900 | V61: 1.6696419 | W61: 2.3352361 | X61: 5847.5 | Y61: 5317 | Z61: 15.172548 | AA61: 13.796056 | AD61: Jan | AE61: Feb | AF61: Mar | AG61: Apr | AH61: May | AI61: Jun | AJ61: Jul | AK61: Aug | AL61: Sep | AM61: Oct | AN61: Nov | AO61: Dec
B62: 15 | C62: =SUM(Q62:S62) -> 49.78 | D62: =C62/P62 -> 1.0097363 | E62: =(I12-D62)/D62 -> 1.4921655 | F62: =VLOOKUP(B62,year2022to23,311,FALSE)-VLOOKUP(B62,year2022to23,309,FALSE) -> 652.83 | G62: =F62/P62 -> 13.241988 | H62: =(M12-G62)/G62 -> 0.19003416 | P62: 49.3 | Q62: 49.78 | R62: 0 | S62: 0 | T62: 49.78 | U62: 108 | V62: 1.0097363 | W62: 2.1906694 | X62: 652.83 | Y62: 641.82 | Z62: 13.241988 | AA62: 13.018661 | AD62: =VLOOKUP(B62,ffbbudgettwofive,7,FALSE) -> 49.3 | AE62: =VLOOKUP(B62,ffbbudgettwofive,8,FALSE) -> 39.44 | AF62: =VLOOKUP(B62,ffbbudgettwofive,9,FALSE) -> 69.02 | AG62: =VLOOKUP(B62,ffbbudgettwofive,10,FALSE) -> 69.02 | AH62: =VLOOKUP(B62,ffbbudgettwofive,11,FALSE) -> 69.02 | AI62: =VLOOKUP(B62,ffbbudgettwofive,12,FALSE) -> 69.02 | AJ62: =VLOOKUP(B62,ffbbudgettwofive,13,FALSE) -> 79 | AK62: =VLOOKUP(B62,ffbbudgettwofive,14,FALSE) -> 99 | AL62: =VLOOKUP(B62,ffbbudgettwofive,15,FALSE) -> 99 | AM62: =VLOOKUP(B62,ffbbudgettwofive,16,FALSE) -> 138 | AN62: =VLOOKUP(B62,ffbbudgettwofive,17,FALSE) -> 108 | AO62: =VLOOKUP(B62,ffbbudgettwofive,18,FALSE) -> 99
B63: 16 | C63: =SUM(Q63:S63) -> 78.9 | D63: =C63/P63 -> 1.4830827 | E63: =(I13-D63)/D63 -> 0.41520913 | F63: =VLOOKUP(B63,year2022to23,311,FALSE)-VLOOKUP(B63,year2022to23,309,FALSE) -> 789.02 | G63: =F63/P63 -> 14.831203 | H63: =(M13-G63)/G63 -> 0.14151733 | P63: 53.2 | Q63: 48.72 | R63: 30.18 | S63: 0 | T63: 78.9 | U63: 117 | V63: 1.4830827 | W63: 2.1992481 | X63: 789.02 | Y63: 690.68 | Z63: 14.831203 | AA63: 12.982707 | AD63: =VLOOKUP(B63,ffbbudgettwofive,7,FALSE) -> 53.2 | AE63: =VLOOKUP(B63,ffbbudgettwofive,8,FALSE) -> 42.56 | AF63: =VLOOKUP(B63,ffbbudgettwofive,9,FALSE) -> 74.48 | AG63: =VLOOKUP(B63,ffbbudgettwofive,10,FALSE) -> 74.48 | AH63: =VLOOKUP(B63,ffbbudgettwofive,11,FALSE) -> 74.48 | AI63: =VLOOKUP(B63,ffbbudgettwofive,12,FALSE) -> 74.48 | AJ63: =VLOOKUP(B63,ffbbudgettwofive,13,FALSE) -> 85 | AK63: =VLOOKUP(B63,ffbbudgettwofive,14,FALSE) -> 106 | AL63: =VLOOKUP(B63,ffbbudgettwofive,15,FALSE) -> 106 | AM63: =VLOOKUP(B63,ffbbudgettwofive,16,FALSE) -> 149 | AN63: =VLOOKUP(B63,ffbbudgettwofive,17,FALSE) -> 117 | AO63: =VLOOKUP(B63,ffbbudgettwofive,18,FALSE) -> 106
B64: 17 | C64: =SUM(Q64:S64) -> 103.34 | D64: =C64/P64 -> 2.2612691 | E64: =(I14-D64)/D64 -> -0.58225276 | F64: =VLOOKUP(B64,year2022to23,311,FALSE)-VLOOKUP(B64,year2022to23,309,FALSE) -> 754.08 | G64: =F64/P64 -> 16.500656 | H64: =(M14-G64)/G64 -> 0.057248568 | P64: 45.7 | Q64: 48.36 | R64: 54.98 | S64: 0 | T64: 103.34 | U64: 111 | V64: 2.2612691 | W64: 2.428884 | X64: 754.08 | Y64: 653.85 | Z64: 16.500656 | AA64: 14.30744 | AD64: =VLOOKUP(B64,ffbbudgettwofive,7,FALSE) -> 50.25 | AE64: =VLOOKUP(B64,ffbbudgettwofive,8,FALSE) -> 40.2 | AF64: =VLOOKUP(B64,ffbbudgettwofive,9,FALSE) -> 70.35 | AG64: =VLOOKUP(B64,ffbbudgettwofive,10,FALSE) -> 70.35 | AH64: =VLOOKUP(B64,ffbbudgettwofive,11,FALSE) -> 70.35 | AI64: =VLOOKUP(B64,ffbbudgettwofive,12,FALSE) -> 70.35 | AJ64: =VLOOKUP(B64,ffbbudgettwofive,13,FALSE) -> 80 | AK64: =VLOOKUP(B64,ffbbudgettwofive,14,FALSE) -> 101 | AL64: =VLOOKUP(B64,ffbbudgettwofive,15,FALSE) -> 101 | AM64: =VLOOKUP(B64,ffbbudgettwofive,16,FALSE) -> 141 | AN64: =VLOOKUP(B64,ffbbudgettwofive,17,FALSE) -> 111 | AO64: =VLOOKUP(B64,ffbbudgettwofive,18,FALSE) -> 101
B65: 19 | C65: =SUM(Q65:S65) -> 50.51 | D65: =C65/P65 -> 0.99782695 | E65: =(I15-D65)/D65 -> 0.78123144 | F65: =VLOOKUP(B65,year2022to23,311,FALSE)-VLOOKUP(B65,year2022to23,309,FALSE) -> 776.03 | G65: =F65/P65 -> 15.330502 | H65: =(M15-G65)/G65 -> 0.11593624 | P65: 50.62 | Q65: 50.51 | R65: 0 | S65: 0 | T65: 50.51 | U65: 117 | V65: 0.99782695 | W65: 2.3113394 | X65: 776.03 | Y65: 690.31 | Z65: 15.330502 | AA65: 13.6371 | AD65: =VLOOKUP(B65,ffbbudgettwofive,7,FALSE) -> 53.15 | AE65: =VLOOKUP(B65,ffbbudgettwofive,8,FALSE) -> 42.52 | AF65: =VLOOKUP(B65,ffbbudgettwofive,9,FALSE) -> 74.41 | AG65: =VLOOKUP(B65,ffbbudgettwofive,10,FALSE) -> 74.41 | AH65: =VLOOKUP(B65,ffbbudgettwofive,11,FALSE) -> 74.41 | AI65: =VLOOKUP(B65,ffbbudgettwofive,12,FALSE) -> 74.41 | AJ65: =VLOOKUP(B65,ffbbudgettwofive,13,FALSE) -> 85 | AK65: =VLOOKUP(B65,ffbbudgettwofive,14,FALSE) -> 106 | AL65: =VLOOKUP(B65,ffbbudgettwofive,15,FALSE) -> 106 | AM65: =VLOOKUP(B65,ffbbudgettwofive,16,FALSE) -> 149 | AN65: =VLOOKUP(B65,ffbbudgettwofive,17,FALSE) -> 117 | AO65: =VLOOKUP(B65,ffbbudgettwofive,18,FALSE) -> 106
B66: 20 | C66: =SUM(Q66:S66) -> 75.11 | D66: =C66/P66 -> 1.2098905 | E66: =(I16-D66)/D66 -> 0.81946478 | F66: =VLOOKUP(B66,year2022to23,311,FALSE)-VLOOKUP(B66,year2022to23,309,FALSE) -> 891.94 | G66: =F66/P66 -> 14.36759 | H66: =(M16-G66)/G66 -> 0.15321658 | P66: 62.08 | Q66: 75.11 | R66: 0 | S66: 0 | T66: 75.11 | U66: 143 | V66: 1.2098905 | W66: 2.3034794 | X66: 891.94 | Y66: 846.48 | Z66: 14.36759 | AA66: 13.635309 | AD66: =VLOOKUP(B66,ffbbudgettwofive,7,FALSE) -> 65.2 | AE66: =VLOOKUP(B66,ffbbudgettwofive,8,FALSE) -> 52.16 | AF66: =VLOOKUP(B66,ffbbudgettwofive,9,FALSE) -> 91.28 | AG66: =VLOOKUP(B66,ffbbudgettwofive,10,FALSE) -> 91.28 | AH66: =VLOOKUP(B66,ffbbudgettwofive,11,FALSE) -> 91.28 | AI66: =VLOOKUP(B66,ffbbudgettwofive,12,FALSE) -> 91.28 | AJ66: =VLOOKUP(B66,ffbbudgettwofive,13,FALSE) -> 104 | AK66: =VLOOKUP(B66,ffbbudgettwofive,14,FALSE) -> 130 | AL66: =VLOOKUP(B66,ffbbudgettwofive,15,FALSE) -> 130 | AM66: =VLOOKUP(B66,ffbbudgettwofive,16,FALSE) -> 183 | AN66: =VLOOKUP(B66,ffbbudgettwofive,17,FALSE) -> 143 | AO66: =VLOOKUP(B66,ffbbudgettwofive,18,FALSE) -> 130
B67: 21 | C67: =SUM(Q67:S67) -> 163.67 | D67: =C67/P67 -> 2.2668975 | E67: =(I17-D67)/D67 -> -0.25337569 | F67: =VLOOKUP(B67,year2022to23,311,FALSE)-VLOOKUP(B67,year2022to23,309,FALSE) -> 1202.21 | G67: =F67/P67 -> 16.651108 | H67: =(M17-G67)/G67 -> 0.10164614 | P67: 72.2 | Q67: 69.41 | R67: 94.26 | S67: 0 | T67: 163.67 | U67: 183 | V67: 2.2668975 | W67: 2.534626 | X67: 1202.21 | Y67: 1079.57 | Z67: 16.651108 | AA67: 14.952493 | AD67: =VLOOKUP(B67,ffbbudgettwofive,7,FALSE) -> 83.05 | AE67: =VLOOKUP(B67,ffbbudgettwofive,8,FALSE) -> 66.44 | AF67: =VLOOKUP(B67,ffbbudgettwofive,9,FALSE) -> 116.27 | AG67: =VLOOKUP(B67,ffbbudgettwofive,10,FALSE) -> 116.27 | AH67: =VLOOKUP(B67,ffbbudgettwofive,11,FALSE) -> 116.27 | AI67: =VLOOKUP(B67,ffbbudgettwofive,12,FALSE) -> 116.27 | AJ67: =VLOOKUP(B67,ffbbudgettwofive,13,FALSE) -> 133 | AK67: =VLOOKUP(B67,ffbbudgettwofive,14,FALSE) -> 166 | AL67: =VLOOKUP(B67,ffbbudgettwofive,15,FALSE) -> 166 | AM67: =VLOOKUP(B67,ffbbudgettwofive,16,FALSE) -> 232 | AN67: =VLOOKUP(B67,ffbbudgettwofive,17,FALSE) -> 183 | AO67: =VLOOKUP(B67,ffbbudgettwofive,18,FALSE) -> 166
B68: 22 | C68: =SUM(Q68:S68) -> 122.17 | D68: =C68/P68 -> 2.3359465 | E68: =(I18-D68)/D68 -> -0.47245641 | F68: =VLOOKUP(B68,year2022to23,311,FALSE)-VLOOKUP(B68,year2022to23,309,FALSE) -> 781.39 | G68: =F68/P68 -> 14.940535 | H68: =(M18-G68)/G68 -> 0.082481219 | P68: 52.3 | Q68: 55.65 | R68: 66.52 | S68: 0 | T68: 122.17 | U68: 121 | V68: 2.3359465 | W68: 2.3135755 | X68: 781.39 | Y68: 714.26 | Z68: 14.940535 | AA68: 13.656979 | AD68: =VLOOKUP(B68,ffbbudgettwofive,7,FALSE) -> 54.9 | AE68: =VLOOKUP(B68,ffbbudgettwofive,8,FALSE) -> 43.92 | AF68: =VLOOKUP(B68,ffbbudgettwofive,9,FALSE) -> 76.86 | AG68: =VLOOKUP(B68,ffbbudgettwofive,10,FALSE) -> 76.86 | AH68: =VLOOKUP(B68,ffbbudgettwofive,11,FALSE) -> 76.86 | AI68: =VLOOKUP(B68,ffbbudgettwofive,12,FALSE) -> 76.86 | AJ68: =VLOOKUP(B68,ffbbudgettwofive,13,FALSE) -> 88 | AK68: =VLOOKUP(B68,ffbbudgettwofive,14,FALSE) -> 110 | AL68: =VLOOKUP(B68,ffbbudgettwofive,15,FALSE) -> 110 | AM68: =VLOOKUP(B68,ffbbudgettwofive,16,FALSE) -> 154 | AN68: =VLOOKUP(B68,ffbbudgettwofive,17,FALSE) -> 121 | AO68: =VLOOKUP(B68,ffbbudgettwofive,18,FALSE) -> 110
A70: ERDI GANG - to be taken by YUDI | C70: =SUM(Q70:S70) -> 180.07 | D70: =C70/P70 -> 1.5485896 | E70: =(I20-D70)/D70 -> -0.41772644 | F70: =SUM(F71:F73) -> 1412.15 | G70: =F70/P70 -> 12.144393 | H70: =(M20-G70)/G70 -> 0.074248486 | P70: 116.28 | Q70: 103.98 | R70: 76.09 | S70: 0 | T70: 180.07 | U70: 234 | V70: 1.5485896 | W70: 2.0123839 | X70: 1412.15 | Y70: 1382.51 | Z70: 12.144393 | AA70: 11.889491 | AD70: Jan | AE70: Feb | AF70: Mar | AG70: Apr | AH70: May | AI70: Jun | AJ70: Jul | AK70: Aug | AL70: Sep | AM70: Oct | AN70: Nov | AO70: Dec
B71: 2 | C71: =SUM(Q71:S71) -> 124.18 | D71: =C71/P71 -> 2.0559603 | E71: =(I21-D71)/D71 -> -0.53849251 | F71: =VLOOKUP(B71,year2022to23,311,FALSE)-VLOOKUP(B71,year2022to23,309,FALSE) -> 832.26 | G71: =F71/P71 -> 13.779139 | H71: =(M21-G71)/G71 -> 0.068860693 | P71: 60.4 | Q71: 52.18 | R71: 72 | S71: 0 | T71: 124.18 | U71: 133 | V71: 2.0559603 | W71: 2.2019868 | X71: 832.26 | Y71: 785.96 | Z71: 13.779139 | AA71: 13.012583 | AD71: =VLOOKUP(B71,ffbbudgettwofive,7,FALSE) -> 60.4 | AE71: =VLOOKUP(B71,ffbbudgettwofive,8,FALSE) -> 48.32 | AF71: =VLOOKUP(B71,ffbbudgettwofive,9,FALSE) -> 84.56 | AG71: =VLOOKUP(B71,ffbbudgettwofive,10,FALSE) -> 84.56 | AH71: =VLOOKUP(B71,ffbbudgettwofive,11,FALSE) -> 84.56 | AI71: =VLOOKUP(B71,ffbbudgettwofive,12,FALSE) -> 84.56 | AJ71: =VLOOKUP(B71,ffbbudgettwofive,13,FALSE) -> 97 | AK71: =VLOOKUP(B71,ffbbudgettwofive,14,FALSE) -> 121 | AL71: =VLOOKUP(B71,ffbbudgettwofive,15,FALSE) -> 121 | AM71: =VLOOKUP(B71,ffbbudgettwofive,16,FALSE) -> 169 | AN71: =VLOOKUP(B71,ffbbudgettwofive,17,FALSE) -> 133 | AO71: =VLOOKUP(B71,ffbbudgettwofive,18,FALSE) -> 121
B72: 11 | C72: =SUM(Q72:S72) -> 43.89 | D72: =C72/P72 -> 0.98629213 | E72: =(I22-D72)/D72 -> -0.26133516 | F72: =VLOOKUP(B72,year2022to23,311,FALSE)-VLOOKUP(B72,year2022to23,309,FALSE) -> 497.47 | G72: =F72/P72 -> 11.179101 | H72: =(M22-G72)/G72 -> 0.065169759 | P72: 44.5 | Q72: 39.8 | R72: 4.09 | S72: 0 | T72: 43.89 | U72: 93 | V72: 0.98629213 | W72: 2.0898876 | X72: 497.47 | Y72: 551.02 | Z72: 11.179101 | AA72: 12.382472 | AD72: =VLOOKUP(B72,ffbbudgettwofive,7,FALSE) -> 42.3 | AE72: =VLOOKUP(B72,ffbbudgettwofive,8,FALSE) -> 33.84 | AF72: =VLOOKUP(B72,ffbbudgettwofive,9,FALSE) -> 59.22 | AG72: =VLOOKUP(B72,ffbbudgettwofive,10,FALSE) -> 59.22 | AH72: =VLOOKUP(B72,ffbbudgettwofive,11,FALSE) -> 59.22 | AI72: =VLOOKUP(B72,ffbbudgettwofive,12,FALSE) -> 59.22 | AJ72: =VLOOKUP(B72,ffbbudgettwofive,13,FALSE) -> 68 | AK72: =VLOOKUP(B72,ffbbudgettwofive,14,FALSE) -> 85 | AL72: =VLOOKUP(B72,ffbbudgettwofive,15,FALSE) -> 85 | AM72: =VLOOKUP(B72,ffbbudgettwofive,16,FALSE) -> 118 | AN72: =VLOOKUP(B72,ffbbudgettwofive,17,FALSE) -> 93 | AO72: =VLOOKUP(B72,ffbbudgettwofive,18,FALSE) -> 85
B73: 29 | C73: =SUM(Q73:S73) -> 12 | D73: =C73/P73 -> 1.0544815 | E73: =(I23-D73)/D73 -> 0.26 | F73: =VLOOKUP(B73,year2022to23,311,FALSE)-VLOOKUP(B73,year2022to23,309,FALSE) -> 82.42 | G73: =F73/P73 -> 7.2425308 | H73: =(M23-G73)/G73 -> 0.18345062 | P73: 11.38 | Q73: 12 | R73: 0 | S73: 0 | T73: 12 | U73: 8 | V73: 1.0544815 | W73: 0.7029877 | X73: 82.42 | Y73: 45.53 | Z73: 7.2425308 | AA73: 4.0008787 | AD73: =VLOOKUP(B73,ffbbudgettwofive,7,FALSE) -> 3.45 | AE73: =VLOOKUP(B73,ffbbudgettwofive,8,FALSE) -> 2.76 | AF73: =VLOOKUP(B73,ffbbudgettwofive,9,FALSE) -> 4.83 | AG73: =VLOOKUP(B73,ffbbudgettwofive,10,FALSE) -> 4.83 | AH73: =VLOOKUP(B73,ffbbudgettwofive,11,FALSE) -> 4.83 | AI73: =VLOOKUP(B73,ffbbudgettwofive,12,FALSE) -> 4.83 | AJ73: =VLOOKUP(B73,ffbbudgettwofive,13,FALSE) -> 6 | AK73: =VLOOKUP(B73,ffbbudgettwofive,14,FALSE) -> 7 | AL73: =VLOOKUP(B73,ffbbudgettwofive,15,FALSE) -> 7 | AM73: =VLOOKUP(B73,ffbbudgettwofive,16,FALSE) -> 10 | AN73: =VLOOKUP(B73,ffbbudgettwofive,17,FALSE) -> 8 | AO73: =VLOOKUP(B73,ffbbudgettwofive,18,FALSE) -> 7
A75: SOFIO MODENTUS MISSA GANG - previously SERAN | C75: =SUM(Q75:S75) -> 474.9 | D75: =C75/P75 -> 1.8091429 | E75: =(I25-D75)/D75 -> -0.23324911 | F75: =SUM(F76:F81) -> 3929.67 | G75: =F75/P75 -> 14.970171 | H75: =(M25-G75)/G75 -> 0.092661725 | P75: 262.5 | Q75: 274.56 | R75: 200.34 | S75: 0 | T75: 474.9 | U75: 562 | V75: 1.8091429 | W75: 2.1409524 | X75: 3929.67 | Y75: 3320 | Z75: 14.970171 | AA75: 12.647619 | AD75: Jan | AE75: Feb | AF75: Mar | AG75: Apr | AH75: May | AI75: Jun | AJ75: Jul | AK75: Aug | AL75: Sep | AM75: Oct | AN75: Nov | AO75: Dec
B76: 4 | C76: =SUM(Q76:S76) -> 137.2 | D76: =C76/P76 -> 1.9433428 | E76: =(I26-D76)/D76 -> -0.52594752 | F76: =VLOOKUP(B76,year2022to23,311,FALSE)-VLOOKUP(B76,year2022to23,309,FALSE) -> 998.53 | G76: =F76/P76 -> 14.143484 | H76: =(M26-G76)/G76 -> 0.06513575 | P76: 70.6 | Q76: 68.02 | R76: 69.18 | S76: 0 | T76: 137.2 | U76: 155 | V76: 1.9433428 | W76: 2.1954674 | X76: 998.53 | Y76: 917.44 | Z76: 14.143484 | AA76: 12.994901 | AD76: =VLOOKUP(B76,ffbbudgettwofive,7,FALSE) -> 70.6 | AE76: =VLOOKUP(B76,ffbbudgettwofive,8,FALSE) -> 56.48 | AF76: =VLOOKUP(B76,ffbbudgettwofive,9,FALSE) -> 98.84 | AG76: =VLOOKUP(B76,ffbbudgettwofive,10,FALSE) -> 98.84 | AH76: =VLOOKUP(B76,ffbbudgettwofive,11,FALSE) -> 98.84 | AI76: =VLOOKUP(B76,ffbbudgettwofive,12,FALSE) -> 98.84 | AJ76: =VLOOKUP(B76,ffbbudgettwofive,13,FALSE) -> 113 | AK76: =VLOOKUP(B76,ffbbudgettwofive,14,FALSE) -> 141 | AL76: =VLOOKUP(B76,ffbbudgettwofive,15,FALSE) -> 141 | AM76: =VLOOKUP(B76,ffbbudgettwofive,16,FALSE) -> 198 | AN76: =VLOOKUP(B76,ffbbudgettwofive,17,FALSE) -> 155 | AO76: =VLOOKUP(B76,ffbbudgettwofive,18,FALSE) -> 141
B77: 5 | C77: =SUM(Q77:S77) -> 102.51 | D77: =C77/P77 -> 2.0339286 | E77: =(I27-D77)/D77 -> -0.22417325 | F77: =VLOOKUP(B77,year2022to23,311,FALSE)-VLOOKUP(B77,year2022to23,309,FALSE) -> 755.76 | G77: =F77/P77 -> 14.995238 | H77: =(M27-G77)/G77 -> 0.10523182 | P77: 50.4 | Q77: 53.04 | R77: 49.47 | S77: 0 | T77: 102.51 | U77: 111 | V77: 2.0339286 | W77: 2.202381 | X77: 755.76 | Y77: 655.96 | Z77: 14.995238 | AA77: 13.015079 | AD77: =VLOOKUP(B77,ffbbudgettwofive,7,FALSE) -> 50.4 | AE77: =VLOOKUP(B77,ffbbudgettwofive,8,FALSE) -> 40.32 | AF77: =VLOOKUP(B77,ffbbudgettwofive,9,FALSE) -> 70.56 | AG77: =VLOOKUP(B77,ffbbudgettwofive,10,FALSE) -> 70.56 | AH77: =VLOOKUP(B77,ffbbudgettwofive,11,FALSE) -> 70.56 | AI77: =VLOOKUP(B77,ffbbudgettwofive,12,FALSE) -> 70.56 | AJ77: =VLOOKUP(B77,ffbbudgettwofive,13,FALSE) -> 81 | AK77: =VLOOKUP(B77,ffbbudgettwofive,14,FALSE) -> 101 | AL77: =VLOOKUP(B77,ffbbudgettwofive,15,FALSE) -> 101 | AM77: =VLOOKUP(B77,ffbbudgettwofive,16,FALSE) -> 141 | AN77: =VLOOKUP(B77,ffbbudgettwofive,17,FALSE) -> 111 | AO77: =VLOOKUP(B77,ffbbudgettwofive,18,FALSE) -> 101
B78: 6 | C78: =SUM(Q78:S78) -> 63.34 | D78: =C78/P78 -> 1.0808874 | E78: =(I28-D78)/D78 -> 0.97726555 | F78: =VLOOKUP(B78,year2022to23,311,FALSE)-VLOOKUP(B78,year2022to23,309,FALSE) -> 836 | G78: =F78/P78 -> 14.266212 | H78: =(M28-G78)/G78 -> 0.14980861 | P78: 58.6 | Q78: 63.34 | R78: 0 | S78: 0 | T78: 63.34 | U78: 129 | V78: 1.0808874 | W78: 2.2013652 | X78: 836 | Y78: 761.64 | Z78: 14.266212 | AA78: 12.99727 | AD78: =VLOOKUP(B78,ffbbudgettwofive,7,FALSE) -> 58.6 | AE78: =VLOOKUP(B78,ffbbudgettwofive,8,FALSE) -> 46.88 | AF78: =VLOOKUP(B78,ffbbudgettwofive,9,FALSE) -> 82.04 | AG78: =VLOOKUP(B78,ffbbudgettwofive,10,FALSE) -> 82.04 | AH78: =VLOOKUP(B78,ffbbudgettwofive,11,FALSE) -> 82.04 | AI78: =VLOOKUP(B78,ffbbudgettwofive,12,FALSE) -> 82.04 | AJ78: =VLOOKUP(B78,ffbbudgettwofive,13,FALSE) -> 94 | AK78: =VLOOKUP(B78,ffbbudgettwofive,14,FALSE) -> 117 | AL78: =VLOOKUP(B78,ffbbudgettwofive,15,FALSE) -> 117 | AM78: =VLOOKUP(B78,ffbbudgettwofive,16,FALSE) -> 164 | AN78: =VLOOKUP(B78,ffbbudgettwofive,17,FALSE) -> 129 | AO78: =VLOOKUP(B78,ffbbudgettwofive,18,FALSE) -> 117
B79: 7 | C79: =SUM(Q79:S79) -> 41.92 | D79: =C79/P79 -> 1.7762712 | E79: =(I29-D79)/D79 -> -0.54317748 | F79: =VLOOKUP(B79,year2022to23,311,FALSE)-VLOOKUP(B79,year2022to23,309,FALSE) -> 315.46 | G79: =F79/P79 -> 13.366949 | H79: =(M29-G79)/G79 -> 0.060705002 | P79: 23.6 | Q79: 22.37 | R79: 19.55 | S79: 0 | T79: 41.92 | U79: 44 | V79: 1.7762712 | W79: 1.8644068 | X79: 315.46 | Y79: 260.37 | Z79: 13.366949 | AA79: 11.032627 | AD79: =VLOOKUP(B79,ffbbudgettwofive,7,FALSE) -> 20.05 | AE79: =VLOOKUP(B79,ffbbudgettwofive,8,FALSE) -> 16.04 | AF79: =VLOOKUP(B79,ffbbudgettwofive,9,FALSE) -> 28.07 | AG79: =VLOOKUP(B79,ffbbudgettwofive,10,FALSE) -> 28.07 | AH79: =VLOOKUP(B79,ffbbudgettwofive,11,FALSE) -> 28.07 | AI79: =VLOOKUP(B79,ffbbudgettwofive,12,FALSE) -> 28.07 | AJ79: =VLOOKUP(B79,ffbbudgettwofive,13,FALSE) -> 32 | AK79: =VLOOKUP(B79,ffbbudgettwofive,14,FALSE) -> 40 | AL79: =VLOOKUP(B79,ffbbudgettwofive,15,FALSE) -> 40 | AM79: =VLOOKUP(B79,ffbbudgettwofive,16,FALSE) -> 56 | AN79: =VLOOKUP(B79,ffbbudgettwofive,17,FALSE) -> 44 | AO79: =VLOOKUP(B79,ffbbudgettwofive,18,FALSE) -> 40
B80: 23 | C80: =SUM(Q80:S80) -> 35.29 | D80: =C80/P80 -> 2.4171233 | E80: =(I30-D80)/D80 -> -0.28421649 | F80: =VLOOKUP(B80,year2022to23,311,FALSE)-VLOOKUP(B80,year2022to23,309,FALSE) -> 266.35 | G80: =F80/P80 -> 18.243151 | H80: =(M30-G80)/G80 -> 0.09483762 | P80: 14.6 | Q80: 22.73 | R80: 12.56 | S80: 0 | T80: 35.29 | U80: 34 | V80: 2.4171233 | W80: 2.3287671 | X80: 266.35 | Y80: 200.59 | Z80: 18.243151 | AA80: 13.739041 | AD80: =VLOOKUP(B80,ffbbudgettwofive,7,FALSE) -> 15.35 | AE80: =VLOOKUP(B80,ffbbudgettwofive,8,FALSE) -> 12.28 | AF80: =VLOOKUP(B80,ffbbudgettwofive,9,FALSE) -> 21.49 | AG80: =VLOOKUP(B80,ffbbudgettwofive,10,FALSE) -> 21.49 | AH80: =VLOOKUP(B80,ffbbudgettwofive,11,FALSE) -> 21.49 | AI80: =VLOOKUP(B80,ffbbudgettwofive,12,FALSE) -> 21.49 | AJ80: =VLOOKUP(B80,ffbbudgettwofive,13,FALSE) -> 25 | AK80: =VLOOKUP(B80,ffbbudgettwofive,14,FALSE) -> 31 | AL80: =VLOOKUP(B80,ffbbudgettwofive,15,FALSE) -> 31 | AM80: =VLOOKUP(B80,ffbbudgettwofive,16,FALSE) -> 43 | AN80: =VLOOKUP(B80,ffbbudgettwofive,17,FALSE) -> 34 | AO80: =VLOOKUP(B80,ffbbudgettwofive,18,FALSE) -> 31
B81: 24 | C81: =SUM(Q81:S81) -> 94.64 | D81: =C81/P81 -> 2.117226 | E81: =(I31-D81)/D81 -> -0.47263314 | F81: =VLOOKUP(B81,year2022to23,311,FALSE)-VLOOKUP(B81,year2022to23,309,FALSE) -> 757.57 | G81: =F81/P81 -> 16.947875 | H81: =(M31-G81)/G81 -> 0.065881701 | P81: 44.7 | Q81: 45.06 | R81: 49.58 | S81: 0 | T81: 94.64 | U81: 89 | V81: 2.117226 | W81: 1.9910515 | X81: 757.57 | Y81: 523.85 | Z81: 16.947875 | AA81: 11.719239 | AD81: =VLOOKUP(B81,ffbbudgettwofive,7,FALSE) -> 40.25 | AE81: =VLOOKUP(B81,ffbbudgettwofive,8,FALSE) -> 32.2 | AF81: =VLOOKUP(B81,ffbbudgettwofive,9,FALSE) -> 56.35 | AG81: =VLOOKUP(B81,ffbbudgettwofive,10,FALSE) -> 56.35 | AH81: =VLOOKUP(B81,ffbbudgettwofive,11,FALSE) -> 56.35 | AI81: =VLOOKUP(B81,ffbbudgettwofive,12,FALSE) -> 56.35 | AJ81: =VLOOKUP(B81,ffbbudgettwofive,13,FALSE) -> 64 | AK81: =VLOOKUP(B81,ffbbudgettwofive,14,FALSE) -> 81 | AL81: =VLOOKUP(B81,ffbbudgettwofive,15,FALSE) -> 81 | AM81: =VLOOKUP(B81,ffbbudgettwofive,16,FALSE) -> 113 | AN81: =VLOOKUP(B81,ffbbudgettwofive,17,FALSE) -> 89 | AO81: =VLOOKUP(B81,ffbbudgettwofive,18,FALSE) -> 81
A83: NU AZANI GANG | C83: =SUM(Q83:S83) -> 558.1 | D83: =C83/P83 -> 1.9139232 | E83: =(I33-D83)/D83 -> -0.27321269 | F83: =SUM(F84:F89) -> 4086.01 | G83: =F83/P83 -> 14.01238 | H83: =(M33-G83)/G83 -> 0.099270437 | P83: 291.6 | Q83: 266.24 | R83: 288.64 | S83: 3.22 | T83: 558.1 | U83: 654 | V83: 1.9139232 | W83: 2.2427984 | X83: 4086.01 | Y83: 3862 | Z83: 14.01238 | AA83: 13.24417 | AD83: Jan | AE83: Feb | AF83: Mar | AG83: Apr | AH83: May | AI83: Jun | AJ83: Jul | AK83: Aug | AL83: Sep | AM83: Oct | AN83: Nov | AO83: Dec
B84: 8 | C84: =SUM(Q84:S84) -> 121.44 | D84: =C84/P84 -> 1.9714286 | E84: =(I34-D84)/D84 -> -0.44878129 | F84: =VLOOKUP(B84,year2022to23,311,FALSE)-VLOOKUP(B84,year2022to23,309,FALSE) -> 839.18 | G84: =F84/P84 -> 13.623052 | H84: =(M34-G84)/G84 -> 0.079768345 | P84: 61.6 | Q84: 62.94 | R84: 58.5 | S84: 0 | T84: 121.44 | U84: 136 | V84: 1.9714286 | W84: 2.2077922 | X84: 839.18 | Y84: 800.84 | Z84: 13.623052 | AA84: 13.000649 | AD84: =VLOOKUP(B84,ffbbudgettwofive,7,FALSE) -> 61.6 | AE84: =VLOOKUP(B84,ffbbudgettwofive,8,FALSE) -> 49.28 | AF84: =VLOOKUP(B84,ffbbudgettwofive,9,FALSE) -> 86.24 | AG84: =VLOOKUP(B84,ffbbudgettwofive,10,FALSE) -> 86.24 | AH84: =VLOOKUP(B84,ffbbudgettwofive,11,FALSE) -> 86.24 | AI84: =VLOOKUP(B84,ffbbudgettwofive,12,FALSE) -> 86.24 | AJ84: =VLOOKUP(B84,ffbbudgettwofive,13,FALSE) -> 99 | AK84: =VLOOKUP(B84,ffbbudgettwofive,14,FALSE) -> 123 | AL84: =VLOOKUP(B84,ffbbudgettwofive,15,FALSE) -> 123 | AM84: =VLOOKUP(B84,ffbbudgettwofive,16,FALSE) -> 172 | AN84: =VLOOKUP(B84,ffbbudgettwofive,17,FALSE) -> 136 | AO84: =VLOOKUP(B84,ffbbudgettwofive,18,FALSE) -> 123
B85: 9 | C85: =SUM(Q85:S85) -> 65.02 | D85: =C85/P85 -> 1.6976501 | E85: =(I35-D85)/D85 -> -0.49231006 | F85: =VLOOKUP(B85,year2022to23,311,FALSE)-VLOOKUP(B85,year2022to23,309,FALSE) -> 453.11 | G85: =F85/P85 -> 11.830548 | H85: =(M35-G85)/G85 -> 0.072852067 | P85: 38.3 | Q85: 36.72 | R85: 28.3 | S85: 0 | T85: 65.02 | U85: 76 | V85: 1.6976501 | W85: 1.9843342 | X85: 453.11 | Y85: 447.93 | Z85: 11.830548 | AA85: 11.6953 | AD85: =VLOOKUP(B85,ffbbudgettwofive,7,FALSE) -> 34.45 | AE85: =VLOOKUP(B85,ffbbudgettwofive,8,FALSE) -> 27.56 | AF85: =VLOOKUP(B85,ffbbudgettwofive,9,FALSE) -> 48.23 | AG85: =VLOOKUP(B85,ffbbudgettwofive,10,FALSE) -> 48.23 | AH85: =VLOOKUP(B85,ffbbudgettwofive,11,FALSE) -> 48.23 | AI85: =VLOOKUP(B85,ffbbudgettwofive,12,FALSE) -> 48.23 | AJ85: =VLOOKUP(B85,ffbbudgettwofive,13,FALSE) -> 55 | AK85: =VLOOKUP(B85,ffbbudgettwofive,14,FALSE) -> 69 | AL85: =VLOOKUP(B85,ffbbudgettwofive,15,FALSE) -> 69 | AM85: =VLOOKUP(B85,ffbbudgettwofive,16,FALSE) -> 97 | AN85: =VLOOKUP(B85,ffbbudgettwofive,17,FALSE) -> 76 | AO85: =VLOOKUP(B85,ffbbudgettwofive,18,FALSE) -> 69
B86: 12 | C86: =SUM(Q86:S86) -> 94.51 | D86: =C86/P86 -> 1.3311268 | E86: =(I36-D86)/D86 -> -0.011956407 | F86: =VLOOKUP(B86,year2022to23,311,FALSE)-VLOOKUP(B86,year2022to23,309,FALSE) -> 907.36 | G86: =F86/P86 -> 12.779718 | H86: =(M36-G86)/G86 -> 0.10291395 | P86: 71 | Q86: 17.79 | R86: 73.5 | S86: 3.22 | T86: 94.51 | U86: 156 | V86: 1.3311268 | W86: 2.1971831 | X86: 907.36 | Y86: 923.4 | Z86: 12.779718 | AA86: 13.005634 | AD86: =VLOOKUP(B86,ffbbudgettwofive,7,FALSE) -> 71 | AE86: =VLOOKUP(B86,ffbbudgettwofive,8,FALSE) -> 56.8 | AF86: =VLOOKUP(B86,ffbbudgettwofive,9,FALSE) -> 99.4 | AG86: =VLOOKUP(B86,ffbbudgettwofive,10,FALSE) -> 99.4 | AH86: =VLOOKUP(B86,ffbbudgettwofive,11,FALSE) -> 99.4 | AI86: =VLOOKUP(B86,ffbbudgettwofive,12,FALSE) -> 99.4 | AJ86: =VLOOKUP(B86,ffbbudgettwofive,13,FALSE) -> 114 | AK86: =VLOOKUP(B86,ffbbudgettwofive,14,FALSE) -> 142 | AL86: =VLOOKUP(B86,ffbbudgettwofive,15,FALSE) -> 142 | AM86: =VLOOKUP(B86,ffbbudgettwofive,16,FALSE) -> 199 | AN86: =VLOOKUP(B86,ffbbudgettwofive,17,FALSE) -> 156 | AO86: =VLOOKUP(B86,ffbbudgettwofive,18,FALSE) -> 142
B87: 10 | C87: =SUM(Q87:S87) -> 31.98 | D87: =C87/P87 -> 1.6743455 | E87: =(I37-D87)/D87 -> -0.58067542 | F87: =VLOOKUP(B87,year2022to23,311,FALSE)-VLOOKUP(B87,year2022to23,309,FALSE) -> 245.63 | G87: =F87/P87 -> 12.860209 | H87: =(M37-G87)/G87 -> 0.054594309 | P87: 19.1 | Q87: 17.61 | R87: 14.37 | S87: 0 | T87: 31.98 | U87: 40 | V87: 1.6743455 | W87: 2.0942408 | X87: 245.63 | Y87: 235.31 | Z87: 12.860209 | AA87: 12.319895 | AD87: =VLOOKUP(B87,ffbbudgettwofive,7,FALSE) -> 18.15 | AE87: =VLOOKUP(B87,ffbbudgettwofive,8,FALSE) -> 14.52 | AF87: =VLOOKUP(B87,ffbbudgettwofive,9,FALSE) -> 25.41 | AG87: =VLOOKUP(B87,ffbbudgettwofive,10,FALSE) -> 25.41 | AH87: =VLOOKUP(B87,ffbbudgettwofive,11,FALSE) -> 25.41 | AI87: =VLOOKUP(B87,ffbbudgettwofive,12,FALSE) -> 25.41 | AJ87: =VLOOKUP(B87,ffbbudgettwofive,13,FALSE) -> 29 | AK87: =VLOOKUP(B87,ffbbudgettwofive,14,FALSE) -> 36 | AL87: =VLOOKUP(B87,ffbbudgettwofive,15,FALSE) -> 36 | AM87: =VLOOKUP(B87,ffbbudgettwofive,16,FALSE) -> 51 | AN87: =VLOOKUP(B87,ffbbudgettwofive,17,FALSE) -> 40 | AO87: =VLOOKUP(B87,ffbbudgettwofive,18,FALSE) -> 36
B88: 13 | C88: =SUM(Q88:S88) -> 143.58 | D88: =C88/P88 -> 2.3615132 | E88: =(I38-D88)/D88 -> -0.21333055 | F88: =VLOOKUP(B88,year2022to23,311,FALSE)-VLOOKUP(B88,year2022to23,309,FALSE) -> 925.95 | G88: =F88/P88 -> 15.229441 | H88: =(M38-G88)/G88 -> 0.12198283 | P88: 60.8 | Q88: 78.24 | R88: 65.34 | S88: 0 | T88: 143.58 | U88: 147 | V88: 2.3615132 | W88: 2.4177632 | X88: 925.95 | Y88: 870.06 | Z88: 15.229441 | AA88: 14.310197 | AD88: =VLOOKUP(B88,ffbbudgettwofive,7,FALSE) -> 66.9 | AE88: =VLOOKUP(B88,ffbbudgettwofive,8,FALSE) -> 53.52 | AF88: =VLOOKUP(B88,ffbbudgettwofive,9,FALSE) -> 93.66 | AG88: =VLOOKUP(B88,ffbbudgettwofive,10,FALSE) -> 93.66 | AH88: =VLOOKUP(B88,ffbbudgettwofive,11,FALSE) -> 93.66 | AI88: =VLOOKUP(B88,ffbbudgettwofive,12,FALSE) -> 93.66 | AJ88: =VLOOKUP(B88,ffbbudgettwofive,13,FALSE) -> 107 | AK88: =VLOOKUP(B88,ffbbudgettwofive,14,FALSE) -> 134 | AL88: =VLOOKUP(B88,ffbbudgettwofive,15,FALSE) -> 134 | AM88: =VLOOKUP(B88,ffbbudgettwofive,16,FALSE) -> 187 | AN88: =VLOOKUP(B88,ffbbudgettwofive,17,FALSE) -> 147 | AO88: =VLOOKUP(B88,ffbbudgettwofive,18,FALSE) -> 134
B89: 18 | C89: =SUM(Q89:S89) -> 101.57 | D89: =C89/P89 -> 2.4894608 | E89: =(I39-D89)/D89 -> -0.15398248 | F89: =VLOOKUP(B89,year2022to23,311,FALSE)-VLOOKUP(B89,year2022to23,309,FALSE) -> 714.78 | G89: =F89/P89 -> 17.519118 | H89: =(M39-G89)/G89 -> 0.12021881 | P89: 40.8 | Q89: 52.94 | R89: 48.63 | S89: 0 | T89: 101.57 | U89: 99 | V89: 2.4894608 | W89: 2.4264706 | X89: 714.78 | Y89: 584.26 | Z89: 17.519118 | AA89: 14.320098 | AD89: =VLOOKUP(B89,ffbbudgettwofive,7,FALSE) -> 44.9 | AE89: =VLOOKUP(B89,ffbbudgettwofive,8,FALSE) -> 35.92 | AF89: =VLOOKUP(B89,ffbbudgettwofive,9,FALSE) -> 62.86 | AG89: =VLOOKUP(B89,ffbbudgettwofive,10,FALSE) -> 62.86 | AH89: =VLOOKUP(B89,ffbbudgettwofive,11,FALSE) -> 62.86 | AI89: =VLOOKUP(B89,ffbbudgettwofive,12,FALSE) -> 62.86 | AJ89: =VLOOKUP(B89,ffbbudgettwofive,13,FALSE) -> 72 | AK89: =VLOOKUP(B89,ffbbudgettwofive,14,FALSE) -> 90 | AL89: =VLOOKUP(B89,ffbbudgettwofive,15,FALSE) -> 90 | AM89: =VLOOKUP(B89,ffbbudgettwofive,16,FALSE) -> 126 | AN89: =VLOOKUP(B89,ffbbudgettwofive,17,FALSE) -> 99 | AO89: =VLOOKUP(B89,ffbbudgettwofive,18,FALSE) -> 90
A91: WENDERLINUS GANG | C91: =SUM(Q91:S91) -> 227.29 | D91: =C91/P91 -> 1.1553398 | E91: =(I41-D91)/D91 -> -0.24572133 | F91: =SUM(F92:F99) -> 1937.03 | G91: =F91/P91 -> 9.8461343 | H91: =(M41-G91)/G91 -> 0.088506631 | P91: 196.73 | Q91: 123.02 | R91: 104.27 | S91: 0 | T91: 227.29 | U91: 135 | V91: 1.1553398 | W91: 0.68621969 | X91: 1937.03 | Y91: 801 | Z91: 9.8461343 | AA91: 4.0715702 | AD91: Jan | AE91: Feb | AF91: Mar | AG91: Apr | AH91: May | AI91: Jun | AJ91: Jul | AK91: Aug | AL91: Sep | AM91: Oct | AN91: Nov | AO91: Dec
B92: 25 | C92: =SUM(Q92:S92) -> 28.77 | D92: =C92/P92 -> 0.75274725 | E92: =(I42-D92)/D92 -> -0.24574209 | F92: =VLOOKUP(B92,year2022to23,311,FALSE)-VLOOKUP(B92,year2022to23,309,FALSE) -> 308.61 | G92: =F92/P92 -> 8.0745683 | H92: =(M42-G92)/G92 -> 0.070315285 | P92: 38.22 | Q92: 13.8 | R92: 14.97 | S92: 0 | T92: 28.77 | U92: 15 | V92: 0.75274725 | W92: 0.39246468 | X92: 308.61 | Y92: 86.58 | Z92: 8.0745683 | AA92: 2.2653061 | AD92: =VLOOKUP(B92,ffbbudgettwofive,7,FALSE) -> 6.7 | AE92: =VLOOKUP(B92,ffbbudgettwofive,8,FALSE) -> 5.36 | AF92: =VLOOKUP(B92,ffbbudgettwofive,9,FALSE) -> 9.38 | AG92: =VLOOKUP(B92,ffbbudgettwofive,10,FALSE) -> 9.38 | AH92: =VLOOKUP(B92,ffbbudgettwofive,11,FALSE) -> 9.38 | AI92: =VLOOKUP(B92,ffbbudgettwofive,12,FALSE) -> 9.38 | AJ92: =VLOOKUP(B92,ffbbudgettwofive,13,FALSE) -> 11 | AK92: =VLOOKUP(B92,ffbbudgettwofive,14,FALSE) -> 13 | AL92: =VLOOKUP(B92,ffbbudgettwofive,15,FALSE) -> 13 | AM92: =VLOOKUP(B92,ffbbudgettwofive,16,FALSE) -> 19 | AN92: =VLOOKUP(B92,ffbbudgettwofive,17,FALSE) -> 15 | AO92: =VLOOKUP(B92,ffbbudgettwofive,18,FALSE) -> 13
B93: 26A | C93: =SUM(Q93:S93) -> 30.4 | D93: =C93/P93 -> 1.3380282 | E93: =(I43-D93)/D93 -> -0.070723684 | F93: =VLOOKUP(B93,year2022to23,311,FALSE)-VLOOKUP(B93,year2022to23,309,FALSE) -> 252.99 | G93: =F93/P93 -> 11.135123 | H93: =(M43-G93)/G93 -> 0.11166449 | P93: 22.72 | Q93: 24.59 | R93: 5.81 | S93: 0 | T93: 30.4 | U93: 12 | V93: 1.3380282 | W93: 0.52816901 | X93: 252.99 | Y93: 70.96 | Z93: 11.135123 | AA93: 3.1232394 | AD93: =VLOOKUP(B93,ffbbudgettwofive,7,FALSE) -> 5.4 | AE93: =VLOOKUP(B93,ffbbudgettwofive,8,FALSE) -> 4.32 | AF93: =VLOOKUP(B93,ffbbudgettwofive,9,FALSE) -> 7.56 | AG93: =VLOOKUP(B93,ffbbudgettwofive,10,FALSE) -> 7.56 | AH93: =VLOOKUP(B93,ffbbudgettwofive,11,FALSE) -> 7.56 | AI93: =VLOOKUP(B93,ffbbudgettwofive,12,FALSE) -> 7.56 | AJ93: =VLOOKUP(B93,ffbbudgettwofive,13,FALSE) -> 9 | AK93: =VLOOKUP(B93,ffbbudgettwofive,14,FALSE) -> 11 | AL93: =VLOOKUP(B93,ffbbudgettwofive,15,FALSE) -> 11 | AM93: =VLOOKUP(B93,ffbbudgettwofive,16,FALSE) -> 15 | AN93: =VLOOKUP(B93,ffbbudgettwofive,17,FALSE) -> 12 | AO93: =VLOOKUP(B93,ffbbudgettwofive,18,FALSE) -> 11
B94: 27 | C94: =SUM(Q94:S94) -> 24.24 | D94: =C94/P94 -> 1.3004292 | E94: =(I44-D94)/D94 -> -0.21617162 | F94: =VLOOKUP(B94,year2022to23,311,FALSE)-VLOOKUP(B94,year2022to23,309,FALSE) -> 172.64 | G94: =F94/P94 -> 9.2618026 | H94: =(M44-G94)/G94 -> 0.11005561 | P94: 18.64 | Q94: 4.34 | R94: 19.9 | S94: 0 | T94: 24.24 | U94: 9 | V94: 1.3004292 | W94: 0.48283262 | X94: 172.64 | Y94: 56.82 | Z94: 9.2618026 | AA94: 3.0482833 | AD94: =VLOOKUP(B94,ffbbudgettwofive,7,FALSE) -> 4.3 | AE94: =VLOOKUP(B94,ffbbudgettwofive,8,FALSE) -> 3.44 | AF94: =VLOOKUP(B94,ffbbudgettwofive,9,FALSE) -> 6.02 | AG94: =VLOOKUP(B94,ffbbudgettwofive,10,FALSE) -> 6.02 | AH94: =VLOOKUP(B94,ffbbudgettwofive,11,FALSE) -> 6.02 | AI94: =VLOOKUP(B94,ffbbudgettwofive,12,FALSE) -> 6.02 | AJ94: =VLOOKUP(B94,ffbbudgettwofive,13,FALSE) -> 7 | AK94: =VLOOKUP(B94,ffbbudgettwofive,14,FALSE) -> 9 | AL94: =VLOOKUP(B94,ffbbudgettwofive,15,FALSE) -> 9 | AM94: =VLOOKUP(B94,ffbbudgettwofive,16,FALSE) -> 12 | AN94: =VLOOKUP(B94,ffbbudgettwofive,17,FALSE) -> 9 | AO94: =VLOOKUP(B94,ffbbudgettwofive,18,FALSE) -> 9
B95: 28 | C95: =SUM(Q95:S95) -> 36.97 | D95: =C95/P95 -> 1.4498039 | E95: =(I45-D95)/D95 -> -0.35758723 | F95: =VLOOKUP(B95,year2022to23,311,FALSE)-VLOOKUP(B95,year2022to23,309,FALSE) -> 307.82 | G95: =F95/P95 -> 12.071373 | H95: =(M45-G95)/G95 -> 0.07715548 | P95: 25.5 | Q95: 23.27 | R95: 13.7 | S95: 0 | T95: 36.97 | U95: 28 | V95: 1.4498039 | W95: 1.0980392 | X95: 307.82 | Y95: 167.72 | Z95: 12.071373 | AA95: 6.5772549 | AD95: =VLOOKUP(B95,ffbbudgettwofive,7,FALSE) -> 12.8 | AE95: =VLOOKUP(B95,ffbbudgettwofive,8,FALSE) -> 10.24 | AF95: =VLOOKUP(B95,ffbbudgettwofive,9,FALSE) -> 17.92 | AG95: =VLOOKUP(B95,ffbbudgettwofive,10,FALSE) -> 17.92 | AH95: =VLOOKUP(B95,ffbbudgettwofive,11,FALSE) -> 17.92 | AI95: =VLOOKUP(B95,ffbbudgettwofive,12,FALSE) -> 17.92 | AJ95: =VLOOKUP(B95,ffbbudgettwofive,13,FALSE) -> 21 | AK95: =VLOOKUP(B95,ffbbudgettwofive,14,FALSE) -> 26 | AL95: =VLOOKUP(B95,ffbbudgettwofive,15,FALSE) -> 26 | AM95: =VLOOKUP(B95,ffbbudgettwofive,16,FALSE) -> 36 | AN95: =VLOOKUP(B95,ffbbudgettwofive,17,FALSE) -> 28 | AO95: =VLOOKUP(B95,ffbbudgettwofive,18,FALSE) -> 26
B96: 30 | C96: =SUM(Q96:S96) -> 25.03 | D96: =C96/P96 -> 1.0279261 | E96: =(I46-D96)/D96 -> -0.50819017 | F96: =VLOOKUP(B96,year2022to23,311,FALSE)-VLOOKUP(B96,year2022to23,309,FALSE) -> 210.48 | G96: =F96/P96 -> 8.6439425 | H96: =(M46-G96)/G96 -> 0.058485367 | P96: 24.35 | Q96: 15.26 | R96: 9.77 | S96: 0 | T96: 25.03 | U96: 8 | V96: 1.0279261 | W96: 0.32854209 | X96: 210.48 | Y96: 47.38 | Z96: 8.6439425 | AA96: 1.9457906 | AD96: =VLOOKUP(B96,ffbbudgettwofive,7,FALSE) -> 3.7 | AE96: =VLOOKUP(B96,ffbbudgettwofive,8,FALSE) -> 2.96 | AF96: =VLOOKUP(B96,ffbbudgettwofive,9,FALSE) -> 5.18 | AG96: =VLOOKUP(B96,ffbbudgettwofive,10,FALSE) -> 5.18 | AH96: =VLOOKUP(B96,ffbbudgettwofive,11,FALSE) -> 5.18 | AI96: =VLOOKUP(B96,ffbbudgettwofive,12,FALSE) -> 5.18 | AJ96: =VLOOKUP(B96,ffbbudgettwofive,13,FALSE) -> 6 | AK96: =VLOOKUP(B96,ffbbudgettwofive,14,FALSE) -> 7 | AL96: =VLOOKUP(B96,ffbbudgettwofive,15,FALSE) -> 7 | AM96: =VLOOKUP(B96,ffbbudgettwofive,16,FALSE) -> 10 | AN96: =VLOOKUP(B96,ffbbudgettwofive,17,FALSE) -> 8 | AO96: =VLOOKUP(B96,ffbbudgettwofive,18,FALSE) -> 7
B97: 31 | C97: =SUM(Q97:S97) -> 21.2 | D97: =C97/P97 -> 0.62206573 | E97: =(I47-D97)/D97 -> -0.33867925 | F97: =VLOOKUP(B97,year2022to23,311,FALSE)-VLOOKUP(B97,year2022to23,309,FALSE) -> 219.17 | G97: =F97/P97 -> 6.4310446 | H97: =(M47-G97)/G97 -> 0.063968609 | P97: 34.08 | Q97: 11.84 | R97: 9.36 | S97: 0 | T97: 21.2 | U97: 13 | V97: 0.62206573 | W97: 0.3814554 | X97: 219.17 | Y97: 75.92 | Z97: 6.4310446 | AA97: 2.2276995 | AD97: =VLOOKUP(B97,ffbbudgettwofive,7,FALSE) -> 5.8 | AE97: =VLOOKUP(B97,ffbbudgettwofive,8,FALSE) -> 4.64 | AF97: =VLOOKUP(B97,ffbbudgettwofive,9,FALSE) -> 8.12 | AG97: =VLOOKUP(B97,ffbbudgettwofive,10,FALSE) -> 8.12 | AH97: =VLOOKUP(B97,ffbbudgettwofive,11,FALSE) -> 8.12 | AI97: =VLOOKUP(B97,ffbbudgettwofive,12,FALSE) -> 8.12 | AJ97: =VLOOKUP(B97,ffbbudgettwofive,13,FALSE) -> 9 | AK97: =VLOOKUP(B97,ffbbudgettwofive,14,FALSE) -> 12 | AL97: =VLOOKUP(B97,ffbbudgettwofive,15,FALSE) -> 12 | AM97: =VLOOKUP(B97,ffbbudgettwofive,16,FALSE) -> 16 | AN97: =VLOOKUP(B97,ffbbudgettwofive,17,FALSE) -> 13 | AO97: =VLOOKUP(B97,ffbbudgettwofive,18,FALSE) -> 12
B98: 33 | C98: =SUM(Q98:S98) -> 56.28 | D98: =C98/P98 -> 1.95961 | E98: =(I48-D98)/D98 -> -0.11122957 | F98: =VLOOKUP(B98,year2022to23,311,FALSE)-VLOOKUP(B98,year2022to23,309,FALSE) -> 428.08 | G98: =F98/P98 -> 14.905292 | H98: =(M48-G98)/G98 -> 0.11684732 | P98: 28.72 | Q98: 27.73 | R98: 28.55 | S98: 0 | T98: 56.28 | U98: 47 | V98: 1.95961 | W98: 1.6364903 | X98: 428.08 | Y98: 279.47 | Z98: 14.905292 | AA98: 9.7308496 | AD98: =VLOOKUP(B98,ffbbudgettwofive,7,FALSE) -> 21.55 | AE98: =VLOOKUP(B98,ffbbudgettwofive,8,FALSE) -> 17.24 | AF98: =VLOOKUP(B98,ffbbudgettwofive,9,FALSE) -> 30.17 | AG98: =VLOOKUP(B98,ffbbudgettwofive,10,FALSE) -> 30.17 | AH98: =VLOOKUP(B98,ffbbudgettwofive,11,FALSE) -> 30.17 | AI98: =VLOOKUP(B98,ffbbudgettwofive,12,FALSE) -> 30.17 | AJ98: =VLOOKUP(B98,ffbbudgettwofive,13,FALSE) -> 34 | AK98: =VLOOKUP(B98,ffbbudgettwofive,14,FALSE) -> 43 | AL98: =VLOOKUP(B98,ffbbudgettwofive,15,FALSE) -> 43 | AM98: =VLOOKUP(B98,ffbbudgettwofive,16,FALSE) -> 60 | AN98: =VLOOKUP(B98,ffbbudgettwofive,17,FALSE) -> 47 | AO98: =VLOOKUP(B98,ffbbudgettwofive,18,FALSE) -> 43
B99: 39 | C99: =SUM(Q99:S99) -> 4.4 | D99: =C99/P99 -> 0.97777778 | E99: =(I49-D99)/D99 -> -0.45681818 | F99: =VLOOKUP(B99,year2022to23,311,FALSE)-VLOOKUP(B99,year2022to23,309,FALSE) -> 37.24 | G99: =F99/P99 -> 8.2755556 | H99: =(M49-G99)/G99 -> 0.064178303 | P99: 4.5 | Q99: 2.19 | R99: 2.21 | S99: 0 | T99: 4.4 | U99: 3 | V99: 0.97777778 | W99: 0.66666667 | X99: 37.24 | Y99: 15.99 | Z99: 8.2755556 | AA99: 3.5533333 | AD99: =VLOOKUP(B99,ffbbudgettwofive,7,FALSE) -> 0.35 | AE99: =VLOOKUP(B99,ffbbudgettwofive,8,FALSE) -> 0.08 | AF99: =VLOOKUP(B99,ffbbudgettwofive,9,FALSE) -> 1.89 | AG99: =VLOOKUP(B99,ffbbudgettwofive,10,FALSE) -> 1.89 | AH99: =VLOOKUP(B99,ffbbudgettwofive,11,FALSE) -> 1.89 | AI99: =VLOOKUP(B99,ffbbudgettwofive,12,FALSE) -> 1.89 | AJ99: =VLOOKUP(B99,ffbbudgettwofive,13,FALSE) -> 2 | AK99: =VLOOKUP(B99,ffbbudgettwofive,14,FALSE) -> 3 | AL99: =VLOOKUP(B99,ffbbudgettwofive,15,FALSE) -> 3 | AM99: =VLOOKUP(B99,ffbbudgettwofive,16,FALSE) -> 4 | AN99: =VLOOKUP(B99,ffbbudgettwofive,17,FALSE) -> 3 | AO99: =VLOOKUP(B99,ffbbudgettwofive,18,FALSE) -> 3
A101: All Blocks | C101: =C56+C61+C70+C75+C83+C91 -> 2422.68 | D101: =C101/P101 -> 1.7103162 | E101: =(I51-D101)/D101 -> -0.18655786 | F101: =F56+F61+F70+F75+F83+F91 -> 19689.43 | G101: =F101/P101 -> 13.899958 | H101: =(M51-G101)/G101 -> 0.10008974 | P101: 1416.51 | Q101: 1354.19 | R101: 1065.27 | S101: 3.22 | T101: 2422.68 | U101: 2850 | V101: 1.7103162 | W101: 2.0119872 | X101: 19689.43 | Y101: 16839 | Z101: 13.899958 | AA101: 11.887668
A104: 45627
A105: Gang | C105: Actual Total (MT) | D105: Actual MT / HA OF THE MONTH | E105: Dec-25 vs Dec-24 Diff. (%) | F105: Actual YTD | G105: Actual YTD MT / HA | H105: Dec-25 vs Dec-24 Diff. (%)
A106: MIKHAEL GANG - continuing in 2024 | C106: =SUM(C107:C109) -> 327.66 | D106: =C106/C6 -> 1.9979268 | E106: =(I6-D106)/D106 -> -0.290423 | F106: =SUM(F107:F109) -> 2396.896 | G106: =F106/C6 -> 14.61522 | H106: =(M6-G106)/G106 -> 0.13044955
B107: 1 | C107: =VLOOKUP(B7,year2022to23,247,FALSE) -> 82.07 | D107: =C107/C7 -> 1.5426692 | E107: =(I7-D107)/D107 -> 0.29950043 | F107: =VLOOKUP(B7,year2022to23,249,FALSE) -> 707.14 | G107: =F107/C7 -> 13.292105 | H107: =(M7-G107)/G107 -> 0.28657692
B108: 3 | C108: =VLOOKUP(B8,year2022to23,247,FALSE) -> 151.68 | D108: =C108/C8 -> 2.1919075 | E108: =(I8-D108)/D108 -> -0.47250791 | F108: =VLOOKUP(B8,year2022to23,249,FALSE) -> 927.07 | G108: =F108/C8 -> 13.396965 | H108: =(M8-G108)/G108 -> 0.17116291
B109: 14 | C109: =VLOOKUP(B9,year2022to23,247,FALSE) -> 93.91 | D109: =C109/C9 -> 2.2574519 | E109: =(I9-D109)/D109 -> -0.51187307 | F109: =VLOOKUP(B9,year2022to23,249,FALSE) -> 762.686 | G109: =F109/C9 -> 18.333798 | H109: =(M9-G109)/G109 -> -0.063795586
A111: DARSO GANG | C111: =SUM(C112:C118) -> 526.98 | D111: =C111/C11 -> 1.3673586 | E111: =(I11-D111)/D111 -> 0.31346541 | F111: =SUM(F112:F118) -> 5924.63 | G111: =F111/C11 -> 15.372678 | H111: =(M11-G111)/G111 -> 0.1038107
B112: 15 | C112: =VLOOKUP(B12,year2022to23,247,FALSE) -> 60.49 | D112: =C112/C12 -> 1.2269777 | E112: =(I12-D112)/D112 -> 1.0509175 | F112: =VLOOKUP(B12,year2022to23,249,FALSE) -> 619.76 | G112: =F112/C12 -> 12.571197 | H112: =(M12-G112)/G112 -> 0.25353363
B113: 16 | C113: =VLOOKUP(B13,year2022to23,247,FALSE) -> 87.66 | D113: =C113/C13 -> 1.6477444 | E113: =(I13-D113)/D113 -> 0.27378508 | F113: =VLOOKUP(B13,year2022to23,249,FALSE) -> 837.23 | G113: =F113/C13 -> 15.737406 | H113: =(M13-G113)/G113 -> 0.075785626
B114: 17 | C114: =VLOOKUP(B14,year2022to23,247,FALSE) -> 96.89 | D114: =C114/C14 -> 2.1201313 | E114: =(I14-D114)/D114 -> -0.55444318 | F114: =VLOOKUP(B14,year2022to23,249,FALSE) -> 814.55 | G114: =F114/C14 -> 17.823851 | H114: =(M14-G114)/G114 -> -0.021238721
B115: 19 | C115: =VLOOKUP(B15,year2022to23,247,FALSE) -> 49.21 | D115: =C115/C15 -> 0.9721454 | E115: =(I15-D115)/D115 -> 0.82828693 | F115: =VLOOKUP(B15,year2022to23,249,FALSE) -> 745.81 | G115: =F115/C15 -> 14.733505 | H115: =(M15-G115)/G115 -> 0.16115365
B116: 20 | C116: =VLOOKUP(B16,year2022to23,247,FALSE) -> 69 | D116: =C116/C16 -> 1.1114691 | E116: =(I16-D116)/D116 -> 0.98057971 | F116: =VLOOKUP(B16,year2022to23,249,FALSE) -> 799.99 | G116: =F116/C16 -> 12.886437 | H116: =(M16-G116)/G116 -> 0.28576607
...

Sheet OVERALL BY GANG COMPARISON YTD2
A1: YIELD TO DATE OF CURRENT YEAR VS. PAST YEAR
D4: Budget (MT) | E4: YTD (MT) | F4: Budget (MT) | G4: YTD (MT) | H4: Actual Variance (MT) | I4: YTD MT / HA
B5: O/P | C5: Total HA | D5: 2025 | F5: 2024 | H5: 2025 vs 2024 | I5: 2025 | J5: 2024 | Z5: 2025 FFB BUDGET
B6: =B7 -> 2010 | C6: =SUM(C7:C18) -> 616 | D6: =SUM(D7:D18) -> 12143 | E6: =SUM(E7:E18) -> 9294.3 | F6: =SUM(F7:F18) -> 12247 | G6: =SUM(G7:G18) -> 8876.255 | H6: =E6-G6 -> 418.045 | I6: =E6/C6 -> 15.088149 | J6: =G6/C6 -> 14.409505 | Z6: Jan | AA6: Feb | AB6: Mar | AC6: Apr | AD6: May | AE6: Jun | AF6: Jul | AG6: Aug | AH6: Sep | AI6: Oct | AJ6: Nov | AK6: Dec
A7: 1 | B7: =VLOOKUP(A7,coupe,3,FALSE) -> 2010 | C7: =VLOOKUP(A7,YUVENTUS,2,FALSE) -> 53.2 | D7: =VLOOKUP(A7,coupe,4,FALSE) -> 1064 | E7: =VLOOKUP(A7,year2022to23,311,FALSE) -> 909.79 | F7: =VLOOKUP(A7,budget2024,19,FALSE) -> 1064 | G7: =VLOOKUP(A7,year2022to23,249,FALSE) -> 707.14 | H7: =E7-G7 -> 202.65 | I7: =E7/C7 -> 17.101316 | J7: =G7/C7 -> 13.292105 | Z7: =VLOOKUP(A7,ffbbudgettwofive,7,FALSE) -> 53.2 | AA7: =VLOOKUP(A7,ffbbudgettwofive,8,FALSE) -> 42.56 | AB7: =VLOOKUP(A7,ffbbudgettwofive,9,FALSE) -> 74.48 | AC7: =VLOOKUP(A7,ffbbudgettwofive,10,FALSE) -> 74.48 | AD7: =VLOOKUP(A7,ffbbudgettwofive,11,FALSE) -> 74.48 | AE7: =VLOOKUP(A7,ffbbudgettwofive,12,FALSE) -> 74.48 | AF7: =VLOOKUP(A7,ffbbudgettwofive,13,FALSE) -> 85 | AG7: =VLOOKUP(A7,ffbbudgettwofive,14,FALSE) -> 106 | AH7: =VLOOKUP(A7,ffbbudgettwofive,15,FALSE) -> 106 | AI7: =VLOOKUP(A7,ffbbudgettwofive,16,FALSE) -> 149 | AJ7: =VLOOKUP(A7,ffbbudgettwofive,17,FALSE) -> 117 | AK7: =VLOOKUP(A7,ffbbudgettwofive,18,FALSE) -> 106
A8: 2 | B8: =VLOOKUP(A8,coupe,3,FALSE) -> 2010 | C8: =VLOOKUP(A8,ERDI,2,FALSE) -> 60.4 | D8: =VLOOKUP(A8,coupe,4,FALSE) -> 1208 | E8: =VLOOKUP(A8,year2022to23,311,FALSE) -> 889.57 | F8: =VLOOKUP(A8,budget2024,19,FALSE) -> 1208 | G8: =VLOOKUP(A8,year2022to23,249,FALSE) -> 828.714 | H8: =E8-G8 -> 60.856 | I8: =E8/C8 -> 14.72798 | J8: =G8/C8 -> 13.72043 | Z8: =VLOOKUP(A8,ffbbudgettwofive,7,FALSE) -> 60.4 | AA8: =VLOOKUP(A8,ffbbudgettwofive,8,FALSE) -> 48.32 | AB8: =VLOOKUP(A8,ffbbudgettwofive,9,FALSE) -> 84.56 | AC8: =VLOOKUP(A8,ffbbudgettwofive,10,FALSE) -> 84.56 | AD8: =VLOOKUP(A8,ffbbudgettwofive,11,FALSE) -> 84.56 | AE8: =VLOOKUP(A8,ffbbudgettwofive,12,FALSE) -> 84.56 | AF8: =VLOOKUP(A8,ffbbudgettwofive,13,FALSE) -> 97 | AG8: =VLOOKUP(A8,ffbbudgettwofive,14,FALSE) -> 121 | AH8: =VLOOKUP(A8,ffbbudgettwofive,15,FALSE) -> 121 | AI8: =VLOOKUP(A8,ffbbudgettwofive,16,FALSE) -> 169 | AJ8: =VLOOKUP(A8,ffbbudgettwofive,17,FALSE) -> 133 | AK8: =VLOOKUP(A8,ffbbudgettwofive,18,FALSE) -> 121
A9: 3 | B9: =VLOOKUP(A9,coupe,3,FALSE) -> 2010 | C9: =VLOOKUP(A9,YUVENTUS,2,FALSE) -> 69.2 | D9: =VLOOKUP(A9,coupe,4,FALSE) -> 1384 | E9: =VLOOKUP(A9,year2022to23,311,FALSE) -> 1085.75 | F9: =VLOOKUP(A9,budget2024,19,FALSE) -> 1384 | G9: =VLOOKUP(A9,year2022to23,249,FALSE) -> 927.07 | H9: =E9-G9 -> 158.68 | I9: =E9/C9 -> 15.690029 | J9: =G9/C9 -> 13.396965 | Z9: =VLOOKUP(A9,ffbbudgettwofive,7,FALSE) -> 69.2 | AA9: =VLOOKUP(A9,ffbbudgettwofive,8,FALSE) -> 55.36 | AB9: =VLOOKUP(A9,ffbbudgettwofive,9,FALSE) -> 96.88 | AC9: =VLOOKUP(A9,ffbbudgettwofive,10,FALSE) -> 96.88 | AD9: =VLOOKUP(A9,ffbbudgettwofive,11,FALSE) -> 96.88 | AE9: =VLOOKUP(A9,ffbbudgettwofive,12,FALSE) -> 96.88 | AF9: =VLOOKUP(A9,ffbbudgettwofive,13,FALSE) -> 111 | AG9: =VLOOKUP(A9,ffbbudgettwofive,14,FALSE) -> 138 | AH9: =VLOOKUP(A9,ffbbudgettwofive,15,FALSE) -> 138 | AI9: =VLOOKUP(A9,ffbbudgettwofive,16,FALSE) -> 194 | AJ9: =VLOOKUP(A9,ffbbudgettwofive,17,FALSE) -> 152 | AK9: =VLOOKUP(A9,ffbbudgettwofive,18,FALSE) -> 138
A10: 4 | B10: =VLOOKUP(A10,coupe,3,FALSE) -> 2010 | C10: =VLOOKUP(A10,SERAN,2,FALSE) -> 70.6 | D10: =VLOOKUP(A10,coupe,4,FALSE) -> 1412 | E10: =VLOOKUP(A10,year2022to23,311,FALSE) -> 1063.57 | F10: =VLOOKUP(A10,budget2024,19,FALSE) -> 1412 | G10: =VLOOKUP(A10,year2022to23,249,FALSE) -> 1027.433 | H10: =E10-G10 -> 36.137 | I10: =E10/C10 -> 15.064731 | J10: =G10/C10 -> 14.552875 | Z10: =VLOOKUP(A10,ffbbudgettwofive,7,FALSE) -> 70.6 | AA10: =VLOOKUP(A10,ffbbudgettwofive,8,FALSE) -> 56.48 | AB10: =VLOOKUP(A10,ffbbudgettwofive,9,FALSE) -> 98.84 | AC10: =VLOOKUP(A10,ffbbudgettwofive,10,FALSE) -> 98.84 | AD10: =VLOOKUP(A10,ffbbudgettwofive,11,FALSE) -> 98.84 | AE10: =VLOOKUP(A10,ffbbudgettwofive,12,FALSE) -> 98.84 | AF10: =VLOOKUP(A10,ffbbudgettwofive,13,FALSE) -> 113 | AG10: =VLOOKUP(A10,ffbbudgettwofive,14,FALSE) -> 141 | AH10: =VLOOKUP(A10,ffbbudgettwofive,15,FALSE) -> 141 | AI10: =VLOOKUP(A10,ffbbudgettwofive,16,FALSE) -> 198 | AJ10: =VLOOKUP(A10,ffbbudgettwofive,17,FALSE) -> 155 | AK10: =VLOOKUP(A10,ffbbudgettwofive,18,FALSE) -> 141
A11: 5 | B11: =VLOOKUP(A11,coupe,3,FALSE) -> 2010 | C11: =VLOOKUP(A11,SERAN,2,FALSE) -> 50.4 | D11: =VLOOKUP(A11,coupe,4,FALSE) -> 1008 | E11: =VLOOKUP(A11,year2022to23,311,FALSE) -> 835.29 | F11: =VLOOKUP(A11,budget2024,19,FALSE) -> 1008 | G11: =VLOOKUP(A11,year2022to23,249,FALSE) -> 781.76 | H11: =E11-G11 -> 53.53 | I11: =E11/C11 -> 16.573214 | J11: =G11/C11 -> 15.511111 | Z11: =VLOOKUP(A11,ffbbudgettwofive,7,FALSE) -> 50.4 | AA11: =VLOOKUP(A11,ffbbudgettwofive,8,FALSE) -> 40.32 | AB11: =VLOOKUP(A11,ffbbudgettwofive,9,FALSE) -> 70.56 | AC11: =VLOOKUP(A11,ffbbudgettwofive,10,FALSE) -> 70.56 | AD11: =VLOOKUP(A11,ffbbudgettwofive,11,FALSE) -> 70.56 | AE11: =VLOOKUP(A11,ffbbudgettwofive,12,FALSE) -> 70.56 | AF11: =VLOOKUP(A11,ffbbudgettwofive,13,FALSE) -> 81 | AG11: =VLOOKUP(A11,ffbbudgettwofive,14,FALSE) -> 101 | AH11: =VLOOKUP(A11,ffbbudgettwofive,15,FALSE) -> 101 | AI11: =VLOOKUP(A11,ffbbudgettwofive,16,FALSE) -> 141 | AJ11: =VLOOKUP(A11,ffbbudgettwofive,17,FALSE) -> 111 | AK11: =VLOOKUP(A11,ffbbudgettwofive,18,FALSE) -> 101
A12: 6 | B12: =VLOOKUP(A12,coupe,3,FALSE) -> 2010 | C12: =VLOOKUP(A12,SERAN,2,FALSE) -> 58.6 | D12: =VLOOKUP(A12,coupe,4,FALSE) -> 1172 | E12: =VLOOKUP(A12,year2022to23,311,FALSE) -> 961.24 | F12: =VLOOKUP(A12,budget2024,19,FALSE) -> 1172 | G12: =VLOOKUP(A12,year2022to23,249,FALSE) -> 1014.32 | H12: =E12-G12 -> -53.08 | I12: =E12/C12 -> 16.403413 | J12: =G12/C12 -> 17.309215 | Z12: =VLOOKUP(A12,ffbbudgettwofive,7,FALSE) -> 58.6 | AA12: =VLOOKUP(A12,ffbbudgettwofive,8,FALSE) -> 46.88 | AB12: =VLOOKUP(A12,ffbbudgettwofive,9,FALSE) -> 82.04 | AC12: =VLOOKUP(A12,ffbbudgettwofive,10,FALSE) -> 82.04 | AD12: =VLOOKUP(A12,ffbbudgettwofive,11,FALSE) -> 82.04 | AE12: =VLOOKUP(A12,ffbbudgettwofive,12,FALSE) -> 82.04 | AF12: =VLOOKUP(A12,ffbbudgettwofive,13,FALSE) -> 94 | AG12: =VLOOKUP(A12,ffbbudgettwofive,14,FALSE) -> 117 | AH12: =VLOOKUP(A12,ffbbudgettwofive,15,FALSE) -> 117 | AI12: =VLOOKUP(A12,ffbbudgettwofive,16,FALSE) -> 164 | AJ12: =VLOOKUP(A12,ffbbudgettwofive,17,FALSE) -> 129 | AK12: =VLOOKUP(A12,ffbbudgettwofive,18,FALSE) -> 117
A13: 7 | B13: =VLOOKUP(A13,coupe,3,FALSE) -> 2010 | C13: =VLOOKUP(A13,SERAN,2,FALSE) -> 23.6 | D13: =VLOOKUP(A13,coupe,4,FALSE) -> 401 | E13: =VLOOKUP(A13,year2022to23,311,FALSE) -> 334.61 | F13: =VLOOKUP(A13,budget2024,19,FALSE) -> 401 | G13: =VLOOKUP(A13,year2022to23,249,FALSE) -> 351.984 | H13: =E13-G13 -> -17.374 | I13: =E13/C13 -> 14.17839 | J13: =G13/C13 -> 14.914576 | Z13: =VLOOKUP(A13,ffbbudgettwofive,7,FALSE) -> 20.05 | AA13: =VLOOKUP(A13,ffbbudgettwofive,8,FALSE) -> 16.04 | AB13: =VLOOKUP(A13,ffbbudgettwofive,9,FALSE) -> 28.07 | AC13: =VLOOKUP(A13,ffbbudgettwofive,10,FALSE) -> 28.07 | AD13: =VLOOKUP(A13,ffbbudgettwofive,11,FALSE) -> 28.07 | AE13: =VLOOKUP(A13,ffbbudgettwofive,12,FALSE) -> 28.07 | AF13: =VLOOKUP(A13,ffbbudgettwofive,13,FALSE) -> 32 | AG13: =VLOOKUP(A13,ffbbudgettwofive,14,FALSE) -> 40 | AH13: =VLOOKUP(A13,ffbbudgettwofive,15,FALSE) -> 40 | AI13: =VLOOKUP(A13,ffbbudgettwofive,16,FALSE) -> 56 | AJ13: =VLOOKUP(A13,ffbbudgettwofive,17,FALSE) -> 44 | AK13: =VLOOKUP(A13,ffbbudgettwofive,18,FALSE) -> 40
A14: 8 | B14: =VLOOKUP(A14,coupe,3,FALSE) -> 2010 | C14: =VLOOKUP(A14,NURAZANI,2,FALSE) -> 61.6 | D14: =VLOOKUP(A14,coupe,4,FALSE) -> 1232 | E14: =VLOOKUP(A14,year2022to23,311,FALSE) -> 906.12 | F14: =VLOOKUP(A14,budget2024,19,FALSE) -> 1232 | G14: =VLOOKUP(A14,year2022to23,249,FALSE) -> 924.42 | H14: =E14-G14 -> -18.3 | I14: =E14/C14 -> 14.70974 | J14: =G14/C14 -> 15.006818 | Z14: =VLOOKUP(A14,ffbbudgettwofive,7,FALSE) -> 61.6 | AA14: =VLOOKUP(A14,ffbbudgettwofive,8,FALSE) -> 49.28 | AB14: =VLOOKUP(A14,ffbbudgettwofive,9,FALSE) -> 86.24 | AC14: =VLOOKUP(A14,ffbbudgettwofive,10,FALSE) -> 86.24 | AD14: =VLOOKUP(A14,ffbbudgettwofive,11,FALSE) -> 86.24 | AE14: =VLOOKUP(A14,ffbbudgettwofive,12,FALSE) -> 86.24 | AF14: =VLOOKUP(A14,ffbbudgettwofive,13,FALSE) -> 99 | AG14: =VLOOKUP(A14,ffbbudgettwofive,14,FALSE) -> 123 | AH14: =VLOOKUP(A14,ffbbudgettwofive,15,FALSE) -> 123 | AI14: =VLOOKUP(A14,ffbbudgettwofive,16,FALSE) -> 172 | AJ14: =VLOOKUP(A14,ffbbudgettwofive,17,FALSE) -> 136 | AK14: =VLOOKUP(A14,ffbbudgettwofive,18,FALSE) -> 123
A15: 9 | B15: =VLOOKUP(A15,coupe,3,FALSE) -> 2010 | C15: =VLOOKUP(A15,NURAZANI,2,FALSE) -> 38.3 | D15: =VLOOKUP(A15,coupe,4,FALSE) -> 689 | E15: =VLOOKUP(A15,year2022to23,311,FALSE) -> 486.12 | F15: =VLOOKUP(A15,budget2024,19,FALSE) -> 689 | G15: =VLOOKUP(A15,year2022to23,249,FALSE) -> 489.69 | H15: =E15-G15 -> -3.57 | I15: =E15/C15 -> 12.692428 | J15: =G15/C15 -> 12.78564 | Z15: =VLOOKUP(A15,ffbbudgettwofive,7,FALSE) -> 34.45 | AA15: =VLOOKUP(A15,ffbbudgettwofive,8,FALSE) -> 27.56 | AB15: =VLOOKUP(A15,ffbbudgettwofive,9,FALSE) -> 48.23 | AC15: =VLOOKUP(A15,ffbbudgettwofive,10,FALSE) -> 48.23 | AD15: =VLOOKUP(A15,ffbbudgettwofive,11,FALSE) -> 48.23 | AE15: =VLOOKUP(A15,ffbbudgettwofive,12,FALSE) -> 48.23 | AF15: =VLOOKUP(A15,ffbbudgettwofive,13,FALSE) -> 55 | AG15: =VLOOKUP(A15,ffbbudgettwofive,14,FALSE) -> 69 | AH15: =VLOOKUP(A15,ffbbudgettwofive,15,FALSE) -> 69 | AI15: =VLOOKUP(A15,ffbbudgettwofive,16,FALSE) -> 97 | AJ15: =VLOOKUP(A15,ffbbudgettwofive,17,FALSE) -> 76 | AK15: =VLOOKUP(A15,ffbbudgettwofive,18,FALSE) -> 69
A16: 11 | B16: =VLOOKUP(A16,coupe,3,FALSE) -> 2010 | C16: =VLOOKUP(A16,ERDI,2,FALSE) -> 44.5 | D16: =VLOOKUP(A16,coupe,4,FALSE) -> 846 | E16: =VLOOKUP(A16,year2022to23,311,FALSE) -> 529.89 | F16: =VLOOKUP(A16,budget2024,19,FALSE) -> 846 | G16: =VLOOKUP(A16,year2022to23,249,FALSE) -> 539.214 | H16: =E16-G16 -> -9.324 | I16: =E16/C16 -> 11.90764 | J16: =G16/C16 -> 12.117169 | Z16: =VLOOKUP(A16,ffbbudgettwofive,7,FALSE) -> 42.3 | AA16: =VLOOKUP(A16,ffbbudgettwofive,8,FALSE) -> 33.84 | AB16: =VLOOKUP(A16,ffbbudgettwofive,9,FALSE) -> 59.22 | AC16: =VLOOKUP(A16,ffbbudgettwofive,10,FALSE) -> 59.22 | AD16: =VLOOKUP(A16,ffbbudgettwofive,11,FALSE) -> 59.22 | AE16: =VLOOKUP(A16,ffbbudgettwofive,12,FALSE) -> 59.22 | AF16: =VLOOKUP(A16,ffbbudgettwofive,13,FALSE) -> 68 | AG16: =VLOOKUP(A16,ffbbudgettwofive,14,FALSE) -> 85 | AH16: =VLOOKUP(A16,ffbbudgettwofive,15,FALSE) -> 85 | AI16: =VLOOKUP(A16,ffbbudgettwofive,16,FALSE) -> 118 | AJ16: =VLOOKUP(A16,ffbbudgettwofive,17,FALSE) -> 93 | AK16: =VLOOKUP(A16,ffbbudgettwofive,18,FALSE) -> 85
A17: 12 | B17: =VLOOKUP(A17,coupe,3,FALSE) -> 2010 | C17: =VLOOKUP(A17,NURAZANI,2,FALSE) -> 71 | D17: =VLOOKUP(A17,coupe,4,FALSE) -> 1420 | E17: =VLOOKUP(A17,year2022to23,311,FALSE) -> 1000.74 | F17: =VLOOKUP(A17,budget2024,19,FALSE) -> 1524 | G17: =VLOOKUP(A17,year2022to23,249,FALSE) -> 996.92 | H17: =E17-G17 -> 3.82 | I17: =E17/C17 -> 14.09493 | J17: =G17/C17 -> 14.041127 | Z17: =VLOOKUP(A17,ffbbudgettwofive,7,FALSE) -> 71 | AA17: =VLOOKUP(A17,ffbbudgettwofive,8,FALSE) -> 56.8 | AB17: =VLOOKUP(A17,ffbbudgettwofive,9,FALSE) -> 99.4 | AC17: =VLOOKUP(A17,ffbbudgettwofive,10,FALSE) -> 99.4 | AD17: =VLOOKUP(A17,ffbbudgettwofive,11,FALSE) -> 99.4 | AE17: =VLOOKUP(A17,ffbbudgettwofive,12,FALSE) -> 99.4 | AF17: =VLOOKUP(A17,ffbbudgettwofive,13,FALSE) -> 114 | AG17: =VLOOKUP(A17,ffbbudgettwofive,14,FALSE) -> 142 | AH17: =VLOOKUP(A17,ffbbudgettwofive,15,FALSE) -> 142 | AI17: =VLOOKUP(A17,ffbbudgettwofive,16,FALSE) -> 199 | AJ17: =VLOOKUP(A17,ffbbudgettwofive,17,FALSE) -> 156 | AK17: =VLOOKUP(A17,ffbbudgettwofive,18,FALSE) -> 142
A18: 23 | B18: =VLOOKUP(A18,coupe,3,FALSE) -> 2010 | C18: =VLOOKUP(A18,SERAN,2,FALSE) -> 14.6 | D18: =VLOOKUP(A18,coupe,4,FALSE) -> 307 | E18: =VLOOKUP(A18,year2022to23,311,FALSE) -> 291.61 | F18: =VLOOKUP(A18,budget2024,19,FALSE) -> 307 | G18: =VLOOKUP(A18,year2022to23,249,FALSE) -> 287.59 | H18: =E18-G18 -> 4.02 | I18: =E18/C18 -> 19.973288 | J18: =G18/C18 -> 19.697945 | Z18: =VLOOKUP(A18,ffbbudgettwofive,7,FALSE) -> 15.35 | AA18: =VLOOKUP(A18,ffbbudgettwofive,8,FALSE) -> 12.28 | AB18: =VLOOKUP(A18,ffbbudgettwofive,9,FALSE) -> 21.49 | AC18: =VLOOKUP(A18,ffbbudgettwofive,10,FALSE) -> 21.49 | AD18: =VLOOKUP(A18,ffbbudgettwofive,11,FALSE) -> 21.49 | AE18: =VLOOKUP(A18,ffbbudgettwofive,12,FALSE) -> 21.49 | AF18: =VLOOKUP(A18,ffbbudgettwofive,13,FALSE) -> 25 | AG18: =VLOOKUP(A18,ffbbudgettwofive,14,FALSE) -> 31 | AH18: =VLOOKUP(A18,ffbbudgettwofive,15,FALSE) -> 31 | AI18: =VLOOKUP(A18,ffbbudgettwofive,16,FALSE) -> 43 | AJ18: =VLOOKUP(A18,ffbbudgettwofive,17,FALSE) -> 34 | AK18: =VLOOKUP(A18,ffbbudgettwofive,18,FALSE) -> 31
B20: =B21 -> 2011 | C20: =SUM(C21:C27) -> 310.5 | D20: =SUM(D21:D27) -> 6528 | E20: =SUM(E21:E27) -> 5287.5 | F20: =SUM(F21:F27) -> 6528 | G20: =SUM(G21:G27) -> 5030.965 | H20: =E20-G20 -> 256.535 | I20: =E20/C20 -> 17.028986 | J20: =G20/C20 -> 16.202786 | Z20: Jan | AA20: Feb | AB20: Mar | AC20: Apr | AD20: May | AE20: Jun | AF20: Jul | AG20: Aug | AH20: Sep | AI20: Oct | AJ20: Nov | AK20: Dec
A21: 10 | B21: =VLOOKUP(A21,coupe,3,FALSE) -> 2011 | C21: =VLOOKUP(A21,NURAZANI,2,FALSE) -> 19.1 | D21: =VLOOKUP(A21,coupe,4,FALSE) -> 363 | E21: =VLOOKUP(A21,year2022to23,311,FALSE) -> 259.04 | F21: =VLOOKUP(A21,budget2024,19,FALSE) -> 363 | G21: =VLOOKUP(A21,year2022to23,249,FALSE) -> 260.8 | H21: =E21-G21 -> -1.76 | I21: =E21/C21 -> 13.562304 | J21: =G21/C21 -> 13.65445 | Z21: =VLOOKUP(A21,ffbbudgettwofive,7,FALSE) -> 18.15 | AA21: =VLOOKUP(A21,ffbbudgettwofive,8,FALSE) -> 14.52 | AB21: =VLOOKUP(A21,ffbbudgettwofive,9,FALSE) -> 25.41 | AC21: =VLOOKUP(A21,ffbbudgettwofive,10,FALSE) -> 25.41 | AD21: =VLOOKUP(A21,ffbbudgettwofive,11,FALSE) -> 25.41 | AE21: =VLOOKUP(A21,ffbbudgettwofive,12,FALSE) -> 25.41 | AF21: =VLOOKUP(A21,ffbbudgettwofive,13,FALSE) -> 29 | AG21: =VLOOKUP(A21,ffbbudgettwofive,14,FALSE) -> 36 | AH21: =VLOOKUP(A21,ffbbudgettwofive,15,FALSE) -> 36 | AI21: =VLOOKUP(A21,ffbbudgettwofive,16,FALSE) -> 51 | AJ21: =VLOOKUP(A21,ffbbudgettwofive,17,FALSE) -> 40 | AK21: =VLOOKUP(A21,ffbbudgettwofive,18,FALSE) -> 36
A22: 13 | B22: =VLOOKUP(A22,coupe,3,FALSE) -> 2011 | C22: =VLOOKUP(A22,NURAZANI,2,FALSE) -> 60.8 | D22: =VLOOKUP(A22,coupe,4,FALSE) -> 1338 | E22: =VLOOKUP(A22,year2022to23,311,FALSE) -> 1038.9 | F22: =VLOOKUP(A22,budget2024,19,FALSE) -> 1338 | G22: =VLOOKUP(A22,year2022to23,249,FALSE) -> 998.859 | H22: =E22-G22 -> 40.041 | I22: =E22/C22 -> 17.087171 | J22: =G22/C22 -> 16.428602 | Z22: =VLOOKUP(A22,ffbbudgettwofive,7,FALSE) -> 66.9 | AA22: =VLOOKUP(A22,ffbbudgettwofive,8,FALSE) -> 53.52 | AB22: =VLOOKUP(A22,ffbbudgettwofive,9,FALSE) -> 93.66 | AC22: =VLOOKUP(A22,ffbbudgettwofive,10,FALSE) -> 93.66 | AD22: =VLOOKUP(A22,ffbbudgettwofive,11,FALSE) -> 93.66 | AE22: =VLOOKUP(A22,ffbbudgettwofive,12,FALSE) -> 93.66 | AF22: =VLOOKUP(A22,ffbbudgettwofive,13,FALSE) -> 107 | AG22: =VLOOKUP(A22,ffbbudgettwofive,14,FALSE) -> 134 | AH22: =VLOOKUP(A22,ffbbudgettwofive,15,FALSE) -> 134 | AI22: =VLOOKUP(A22,ffbbudgettwofive,16,FALSE) -> 187 | AJ22: =VLOOKUP(A22,ffbbudgettwofive,17,FALSE) -> 147 | AK22: =VLOOKUP(A22,ffbbudgettwofive,18,FALSE) -> 134
A23: 14 | B23: =VLOOKUP(A23,coupe,3,FALSE) -> 2011 | C23: =VLOOKUP(A23,YUVENTUS,2,FALSE) -> 41.6 | D23: =VLOOKUP(A23,coupe,4,FALSE) -> 874 | E23: =VLOOKUP(A23,year2022to23,311,FALSE) -> 714.03 | F23: =VLOOKUP(A23,budget2024,19,FALSE) -> 874 | G23: =VLOOKUP(A23,year2022to23,249,FALSE) -> 762.686 | H23: =E23-G23 -> -48.656 | I23: =E23/C23 -> 17.164183 | J23: =G23/C23 -> 18.333798 | Z23: =VLOOKUP(A23,ffbbudgettwofive,7,FALSE) -> 43.7 | AA23: =VLOOKUP(A23,ffbbudgettwofive,8,FALSE) -> 34.96 | AB23: =VLOOKUP(A23,ffbbudgettwofive,9,FALSE) -> 61.18 | AC23: =VLOOKUP(A23,ffbbudgettwofive,10,FALSE) -> 61.18 | AD23: =VLOOKUP(A23,ffbbudgettwofive,11,FALSE) -> 61.18 | AE23: =VLOOKUP(A23,ffbbudgettwofive,12,FALSE) -> 61.18 | AF23: =VLOOKUP(A23,ffbbudgettwofive,13,FALSE) -> 70 | AG23: =VLOOKUP(A23,ffbbudgettwofive,14,FALSE) -> 87 | AH23: =VLOOKUP(A23,ffbbudgettwofive,15,FALSE) -> 87 | AI23: =VLOOKUP(A23,ffbbudgettwofive,16,FALSE) -> 122 | AJ23: =VLOOKUP(A23,ffbbudgettwofive,17,FALSE) -> 96 | AK23: =VLOOKUP(A23,ffbbudgettwofive,18,FALSE) -> 87
A24: 15 | B24: =VLOOKUP(A24,coupe,3,FALSE) -> 2011 | C24: =VLOOKUP(A24,DARSO,2,FALSE) -> 49.3 | D24: =VLOOKUP(A24,coupe,4,FALSE) -> 986 | E24: =VLOOKUP(A24,year2022to23,311,FALSE) -> 776.89 | F24: =VLOOKUP(A24,budget2024,19,FALSE) -> 986 | G24: =VLOOKUP(A24,year2022to23,249,FALSE) -> 619.76 | H24: =E24-G24 -> 157.13 | I24: =E24/C24 -> 15.758418 | J24: =G24/C24 -> 12.571197 | Z24: =VLOOKUP(A24,ffbbudgettwofive,7,FALSE) -> 49.3 | AA24: =VLOOKUP(A24,ffbbudgettwofive,8,FALSE) -> 39.44 | AB24: =VLOOKUP(A24,ffbbudgettwofive,9,FALSE) -> 69.02 | AC24: =VLOOKUP(A24,ffbbudgettwofive,10,FALSE) -> 69.02 | AD24: =VLOOKUP(A24,ffbbudgettwofive,11,FALSE) -> 69.02 | AE24: =VLOOKUP(A24,ffbbudgettwofive,12,FALSE) -> 69.02 | AF24: =VLOOKUP(A24,ffbbudgettwofive,13,FALSE) -> 79 | AG24: =VLOOKUP(A24,ffbbudgettwofive,14,FALSE) -> 99 | AH24: =VLOOKUP(A24,ffbbudgettwofive,15,FALSE) -> 99 | AI24: =VLOOKUP(A24,ffbbudgettwofive,16,FALSE) -> 138 | AJ24: =VLOOKUP(A24,ffbbudgettwofive,17,FALSE) -> 108 | AK24: =VLOOKUP(A24,ffbbudgettwofive,18,FALSE) -> 99
A25: 16 | B25: =VLOOKUP(A25,coupe,3,FALSE) -> 2011 | C25: =VLOOKUP(A25,DARSO,2,FALSE) -> 53.2 | D25: =VLOOKUP(A25,coupe,4,FALSE) -> 1064 | E25: =VLOOKUP(A25,year2022to23,311,FALSE) -> 900.68 | F25: =VLOOKUP(A25,budget2024,19,FALSE) -> 1064 | G25: =VLOOKUP(A25,year2022to23,249,FALSE) -> 837.23 | H25: =E25-G25 -> 63.45 | I25: =E25/C25 -> 16.930075 | J25: =G25/C25 -> 15.737406 | Z25: =VLOOKUP(A25,ffbbudgettwofive,7,FALSE) -> 53.2 | AA25: =VLOOKUP(A25,ffbbudgettwofive,8,FALSE) -> 42.56 | AB25: =VLOOKUP(A25,ffbbudgettwofive,9,FALSE) -> 74.48 | AC25: =VLOOKUP(A25,ffbbudgettwofive,10,FALSE) -> 74.48 | AD25: =VLOOKUP(A25,ffbbudgettwofive,11,FALSE) -> 74.48 | AE25: =VLOOKUP(A25,ffbbudgettwofive,12,FALSE) -> 74.48 | AF25: =VLOOKUP(A25,ffbbudgettwofive,13,FALSE) -> 85 | AG25: =VLOOKUP(A25,ffbbudgettwofive,14,FALSE) -> 106 | AH25: =VLOOKUP(A25,ffbbudgettwofive,15,FALSE) -> 106 | AI25: =VLOOKUP(A25,ffbbudgettwofive,16,FALSE) -> 149 | AJ25: =VLOOKUP(A25,ffbbudgettwofive,17,FALSE) -> 117 | AK25: =VLOOKUP(A25,ffbbudgettwofive,18,FALSE) -> 106
A26: 17 | B26: =VLOOKUP(A26,coupe,3,FALSE) -> 2011 | C26: =VLOOKUP(A26,DARSO,2,FALSE) -> 45.7 | D26: =VLOOKUP(A26,coupe,4,FALSE) -> 1005 | E26: =VLOOKUP(A26,year2022to23,311,FALSE) -> 797.25 | F26: =VLOOKUP(A26,budget2024,19,FALSE) -> 1005 | G26: =VLOOKUP(A26,year2022to23,249,FALSE) -> 814.55 | H26: =E26-G26 -> -17.3 | I26: =E26/C26 -> 17.445295 | J26: =G26/C26 -> 17.823851 | Z26: =VLOOKUP(A26,ffbbudgettwofive,7,FALSE) -> 50.25 | AA26: =VLOOKUP(A26,ffbbudgettwofive,8,FALSE) -> 40.2 | AB26: =VLOOKUP(A26,ffbbudgettwofive,9,FALSE) -> 70.35 | AC26: =VLOOKUP(A26,ffbbudgettwofive,10,FALSE) -> 70.35 | AD26: =VLOOKUP(A26,ffbbudgettwofive,11,FALSE) -> 70.35 | AE26: =VLOOKUP(A26,ffbbudgettwofive,12,FALSE) -> 70.35 | AF26: =VLOOKUP(A26,ffbbudgettwofive,13,FALSE) -> 80 | AG26: =VLOOKUP(A26,ffbbudgettwofive,14,FALSE) -> 101 | AH26: =VLOOKUP(A26,ffbbudgettwofive,15,FALSE) -> 101 | AI26: =VLOOKUP(A26,ffbbudgettwofive,16,FALSE) -> 141 | AJ26: =VLOOKUP(A26,ffbbudgettwofive,17,FALSE) -> 111 | AK26: =VLOOKUP(A26,ffbbudgettwofive,18,FALSE) -> 101
A27: 18 | B27: =VLOOKUP(A27,coupe,3,FALSE) -> 2011 | C27: =VLOOKUP(A27,NURAZANI,2,FALSE) -> 40.8 | D27: =VLOOKUP(A27,coupe,4,FALSE) -> 898 | E27: =VLOOKUP(A27,year2022to23,311,FALSE) -> 800.71 | F27: =VLOOKUP(A27,budget2024,19,FALSE) -> 898 | G27: =VLOOKUP(A27,year2022to23,249,FALSE) -> 737.08 | H27: =E27-G27 -> 63.63 | I27: =E27/C27 -> 19.625245 | J27: =G27/C27 -> 18.065686 | Z27: =VLOOKUP(A27,ffbbudgettwofive,7,FALSE) -> 44.9 | AA27: =VLOOKUP(A27,ffbbudgettwofive,8,FALSE) -> 35.92 | AB27: =VLOOKUP(A27,ffbbudgettwofive,9,FALSE) -> 62.86 | AC27: =VLOOKUP(A27,ffbbudgettwofive,10,FALSE) -> 62.86 | AD27: =VLOOKUP(A27,ffbbudgettwofive,11,FALSE) -> 62.86 | AE27: =VLOOKUP(A27,ffbbudgettwofive,12,FALSE) -> 62.86 | AF27: =VLOOKUP(A27,ffbbudgettwofive,13,FALSE) -> 72 | AG27: =VLOOKUP(A27,ffbbudgettwofive,14,FALSE) -> 90 | AH27: =VLOOKUP(A27,ffbbudgettwofive,15,FALSE) -> 90 | AI27: =VLOOKUP(A27,ffbbudgettwofive,16,FALSE) -> 126 | AJ27: =VLOOKUP(A27,ffbbudgettwofive,17,FALSE) -> 99 | AK27: =VLOOKUP(A27,ffbbudgettwofive,18,FALSE) -> 90
B29: =B30 -> 2012 | C29: =SUM(C30:C34) -> 281.9 | D29: =SUM(D30:D34) -> 5931 | E29: =SUM(E30:E34) -> 4872.33 | F29: =SUM(F30:F34) -> 5931 | G29: =SUM(G30:G34) -> 4448.03 | H29: =E29-G29 -> 424.3 | I29: =E29/C29 -> 17.283895 | J29: =G29/C29 -> 15.778751 | Z29: Jan | AA29: Feb | AB29: Mar | AC29: Apr | AD29: May | AE29: Jun | AF29: Jul | AG29: Aug | AH29: Sep | AI29: Oct | AJ29: Nov | AK29: Dec
A30: 19 | B30: =VLOOKUP(A30,coupe,3,FALSE) -> 2012 | C30: =VLOOKUP(A30,DARSO,2,FALSE) -> 50.62 | D30: =VLOOKUP(A30,coupe,4,FALSE) -> 1063 | E30: =VLOOKUP(A30,year2022to23,311,FALSE) -> 866 | F30: =VLOOKUP(A30,budget2024,19,FALSE) -> 1063 | G30: =VLOOKUP(A30,year2022to23,249,FALSE) -> 745.81 | H30: =E30-G30 -> 120.19 | I30: =E30/C30 -> 17.107863 | J30: =G30/C30 -> 14.733505 | Z30: =VLOOKUP(A30,ffbbudgettwofive,7,FALSE) -> 53.15 | AA30: =VLOOKUP(A30,ffbbudgettwofive,8,FALSE) -> 42.52 | AB30: =VLOOKUP(A30,ffbbudgettwofive,9,FALSE) -> 74.41 | AC30: =VLOOKUP(A30,ffbbudgettwofive,10,FALSE) -> 74.41 | AD30: =VLOOKUP(A30,ffbbudgettwofive,11,FALSE) -> 74.41 | AE30: =VLOOKUP(A30,ffbbudgettwofive,12,FALSE) -> 74.41 | AF30: =VLOOKUP(A30,ffbbudgettwofive,13,FALSE) -> 85 | AG30: =VLOOKUP(A30,ffbbudgettwofive,14,FALSE) -> 106 | AH30: =VLOOKUP(A30,ffbbudgettwofive,15,FALSE) -> 106 | AI30: =VLOOKUP(A30,ffbbudgettwofive,16,FALSE) -> 149 | AJ30: =VLOOKUP(A30,ffbbudgettwofive,17,FALSE) -> 117 | AK30: =VLOOKUP(A30,ffbbudgettwofive,18,FALSE) -> 106
A31: 20 | B31: =VLOOKUP(A31,coupe,3,FALSE) -> 2012 | C31: =VLOOKUP(A31,DARSO,2,FALSE) -> 62.08 | D31: =VLOOKUP(A31,coupe,4,FALSE) -> 1304 | E31: =VLOOKUP(A31,year2022to23,311,FALSE) -> 1028.6 | F31: =VLOOKUP(A31,budget2024,19,FALSE) -> 1304 | G31: =VLOOKUP(A31,year2022to23,249,FALSE) -> 799.99 | H31: =E31-G31 -> 228.61 | I31: =E31/C31 -> 16.568943 | J31: =G31/C31 -> 12.886437 | Z31: =VLOOKUP(A31,ffbbudgettwofive,7,FALSE) -> 65.2 | AA31: =VLOOKUP(A31,ffbbudgettwofive,8,FALSE) -> 52.16 | AB31: =VLOOKUP(A31,ffbbudgettwofive,9,FALSE) -> 91.28 | AC31: =VLOOKUP(A31,ffbbudgettwofive,10,FALSE) -> 91.28 | AD31: =VLOOKUP(A31,ffbbudgettwofive,11,FALSE) -> 91.28 | AE31: =VLOOKUP(A31,ffbbudgettwofive,12,FALSE) -> 91.28 | AF31: =VLOOKUP(A31,ffbbudgettwofive,13,FALSE) -> 104 | AG31: =VLOOKUP(A31,ffbbudgettwofive,14,FALSE) -> 130 | AH31: =VLOOKUP(A31,ffbbudgettwofive,15,FALSE) -> 130 | AI31: =VLOOKUP(A31,ffbbudgettwofive,16,FALSE) -> 183 | AJ31: =VLOOKUP(A31,ffbbudgettwofive,17,FALSE) -> 143 | AK31: =VLOOKUP(A31,ffbbudgettwofive,18,FALSE) -> 130
A32: 21 | B32: =VLOOKUP(A32,coupe,3,FALSE) -> 2012 | C32: =VLOOKUP(A32,DARSO,2,FALSE) -> 72.2 | D32: =VLOOKUP(A32,coupe,4,FALSE) -> 1661 | E32: =VLOOKUP(A32,year2022to23,311,FALSE) -> 1324.41 | F32: =VLOOKUP(A32,budget2024,19,FALSE) -> 1661 | G32: =VLOOKUP(A32,year2022to23,249,FALSE) -> 1304.99 | H32: =E32-G32 -> 19.42 | I32: =E32/C32 -> 18.343629 | J32: =G32/C32 -> 18.074654 | Z32: =VLOOKUP(A32,ffbbudgettwofive,7,FALSE) -> 83.05 | AA32: =VLOOKUP(A32,ffbbudgettwofive,8,FALSE) -> 66.44 | AB32: =VLOOKUP(A32,ffbbudgettwofive,9,FALSE) -> 116.27 | AC32: =VLOOKUP(A32,ffbbudgettwofive,10,FALSE) -> 116.27 | AD32: =VLOOKUP(A32,ffbbudgettwofive,11,FALSE) -> 116.27 | AE32: =VLOOKUP(A32,ffbbudgettwofive,12,FALSE) -> 116.27 | AF32: =VLOOKUP(A32,ffbbudgettwofive,13,FALSE) -> 133 | AG32: =VLOOKUP(A32,ffbbudgettwofive,14,FALSE) -> 166 | AH32: =VLOOKUP(A32,ffbbudgettwofive,15,FALSE) -> 166 | AI32: =VLOOKUP(A32,ffbbudgettwofive,16,FALSE) -> 232 | AJ32: =VLOOKUP(A32,ffbbudgettwofive,17,FALSE) -> 183 | AK32: =VLOOKUP(A32,ffbbudgettwofive,18,FALSE) -> 166
A33: 22 | B33: =VLOOKUP(A33,coupe,3,FALSE) -> 2012 | C33: =VLOOKUP(A33,DARSO,2,FALSE) -> 52.3 | D33: =VLOOKUP(A33,coupe,4,FALSE) -> 1098 | E33: =VLOOKUP(A33,year2022to23,311,FALSE) -> 845.84 | F33: =VLOOKUP(A33,budget2024,19,FALSE) -> 1098 | G33: =VLOOKUP(A33,year2022to23,249,FALSE) -> 802.3 | H33: =E33-G33 -> 43.54 | I33: =E33/C33 -> 16.172849 | J33: =G33/C33 -> 15.340344 | Z33: =VLOOKUP(A33,ffbbudgettwofive,7,FALSE) -> 54.9 | AA33: =VLOOKUP(A33,ffbbudgettwofive,8,FALSE) -> 43.92 | AB33: =VLOOKUP(A33,ffbbudgettwofive,9,FALSE) -> 76.86 | AC33: =VLOOKUP(A33,ffbbudgettwofive,10,FALSE) -> 76.86 | AD33: =VLOOKUP(A33,ffbbudgettwofive,11,FALSE) -> 76.86 | AE33: =VLOOKUP(A33,ffbbudgettwofive,12,FALSE) -> 76.86 | AF33: =VLOOKUP(A33,ffbbudgettwofive,13,FALSE) -> 88 | AG33: =VLOOKUP(A33,ffbbudgettwofive,14,FALSE) -> 110 | AH33: =VLOOKUP(A33,ffbbudgettwofive,15,FALSE) -> 110 | AI33: =VLOOKUP(A33,ffbbudgettwofive,16,FALSE) -> 154 | AJ33: =VLOOKUP(A33,ffbbudgettwofive,17,FALSE) -> 121 | AK33: =VLOOKUP(A33,ffbbudgettwofive,18,FALSE) -> 110
A34: 24 | B34: =VLOOKUP(A34,coupe,3,FALSE) -> 2012 | C34: =VLOOKUP(A34,SERAN,2,FALSE) -> 44.7 | D34: =VLOOKUP(A34,coupe,4,FALSE) -> 805 | E34: =VLOOKUP(A34,year2022to23,311,FALSE) -> 807.48 | F34: =VLOOKUP(A34,budget2024,19,FALSE) -> 805 | G34: =VLOOKUP(A34,year2022to23,249,FALSE) -> 794.94 | H34: =E34-G34 -> 12.54 | I34: =E34/C34 -> 18.06443 | J34: =G34/C34 -> 17.783893 | Z34: =VLOOKUP(A34,ffbbudgettwofive,7,FALSE) -> 40.25 | AA34: =VLOOKUP(A34,ffbbudgettwofive,8,FALSE) -> 32.2 | AB34: =VLOOKUP(A34,ffbbudgettwofive,9,FALSE) -> 56.35 | AC34: =VLOOKUP(A34,ffbbudgettwofive,10,FALSE) -> 56.35 | AD34: =VLOOKUP(A34,ffbbudgettwofive,11,FALSE) -> 56.35 | AE34: =VLOOKUP(A34,ffbbudgettwofive,12,FALSE) -> 56.35 | AF34: =VLOOKUP(A34,ffbbudgettwofive,13,FALSE) -> 64 | AG34: =VLOOKUP(A34,ffbbudgettwofive,14,FALSE) -> 81 | AH34: =VLOOKUP(A34,ffbbudgettwofive,15,FALSE) -> 81 | AI34: =VLOOKUP(A34,ffbbudgettwofive,16,FALSE) -> 113 | AJ34: =VLOOKUP(A34,ffbbudgettwofive,17,FALSE) -> 89 | AK34: =VLOOKUP(A34,ffbbudgettwofive,18,FALSE) -> 81
B36: =B37 -> 2015 | C36: =SUM(C37:C43) -> 174.89 | D36: =SUM(D37:D43) -> 843 | E36: =SUM(E37:E43) -> 1688.28 | F36: =SUM(F37:F43) -> 521 | G36: =SUM(G37:G43) -> 745.163 | H36: =E36-G36 -> 943.117 | I36: =E36/C36 -> 9.6533821 | J36: =G36/C36 -> 4.2607525 | Z36: Jan | AA36: Feb | AB36: Mar | AC36: Apr | AD36: May | AE36: Jun | AF36: Jul | AG36: Aug | AH36: Sep | AI36: Oct | AJ36: Nov | AK36: Dec
A37: 25 | B37: =VLOOKUP(A37,coupe,3,FALSE) -> 2015 | C37: =VLOOKUP(A37,WENDERLINUS,2,FALSE) -> 38.22 | D37: =VLOOKUP(A37,coupe,4,FALSE) -> 134 | E37: =VLOOKUP(A37,year2022to23,311,FALSE) -> 330.31 | F37: =VLOOKUP(A37,budget2024,19,FALSE) -> 76 | G37: =VLOOKUP(A37,year2022to23,249,FALSE) -> 109.91 | H37: =E37-G37 -> 220.4 | I37: =E37/C37 -> 8.6423339 | J37: =G37/C37 -> 2.8757195 | Z37: =VLOOKUP(A37,ffbbudgettwofive,7,FALSE) -> 6.7 | AA37: =VLOOKUP(A37,ffbbudgettwofive,8,FALSE) -> 5.36 | AB37: =VLOOKUP(A37,ffbbudgettwofive,9,FALSE) -> 9.38 | AC37: =VLOOKUP(A37,ffbbudgettwofive,10,FALSE) -> 9.38 | AD37: =VLOOKUP(A37,ffbbudgettwofive,11,FALSE) -> 9.38 | AE37: =VLOOKUP(A37,ffbbudgettwofive,12,FALSE) -> 9.38 | AF37: =VLOOKUP(A37,ffbbudgettwofive,13,FALSE) -> 11 | AG37: =VLOOKUP(A37,ffbbudgettwofive,14,FALSE) -> 13 | AH37: =VLOOKUP(A37,ffbbudgettwofive,15,FALSE) -> 13 | AI37: =VLOOKUP(A37,ffbbudgettwofive,16,FALSE) -> 19 | AJ37: =VLOOKUP(A37,ffbbudgettwofive,17,FALSE) -> 15 | AK37: =VLOOKUP(A37,ffbbudgettwofive,18,FALSE) -> 13
A38: 26A | B38: =VLOOKUP(A38,coupe,3,FALSE) -> 2015 | C38: =VLOOKUP(A38,WENDERLINUS,2,FALSE) -> 22.72 | D38: =VLOOKUP(A38,coupe,4,FALSE) -> 108 | E38: =VLOOKUP(A38,year2022to23,311,FALSE) -> 281.24 | F38: =VLOOKUP(A38,budget2024,19,FALSE) -> 91 | G38: =VLOOKUP(A38,year2022to23,249,FALSE) -> 164.86 | H38: =E38-G38 -> 116.38 | I38: =E38/C38 -> 12.378521 | J38: =G38/C38 -> 7.256162 | Z38: =VLOOKUP(A38,ffbbudgettwofive,7,FALSE) -> 5.4 | AA38: =VLOOKUP(A38,ffbbudgettwofive,8,FALSE) -> 4.32 | AB38: =VLOOKUP(A38,ffbbudgettwofive,9,FALSE) -> 7.56 | AC38: =VLOOKUP(A38,ffbbudgettwofive,10,FALSE) -> 7.56 | AD38: =VLOOKUP(A38,ffbbudgettwofive,11,FALSE) -> 7.56 | AE38: =VLOOKUP(A38,ffbbudgettwofive,12,FALSE) -> 7.56 | AF38: =VLOOKUP(A38,ffbbudgettwofive,13,FALSE) -> 9 | AG38: =VLOOKUP(A38,ffbbudgettwofive,14,FALSE) -> 11 | AH38: =VLOOKUP(A38,ffbbudgettwofive,15,FALSE) -> 11 | AI38: =VLOOKUP(A38,ffbbudgettwofive,16,FALSE) -> 15 | AJ38: =VLOOKUP(A38,ffbbudgettwofive,17,FALSE) -> 12 | AK38: =VLOOKUP(A38,ffbbudgettwofive,18,FALSE) -> 11
A39: 27 | B39: =VLOOKUP(A39,coupe,3,FALSE) -> 2015 | C39: =VLOOKUP(A39,WENDERLINUS,2,FALSE) -> 18.64 | D39: =VLOOKUP(A39,coupe,4,FALSE) -> 86 | E39: =VLOOKUP(A39,year2022to23,311,FALSE) -> 191.64 | F39: =VLOOKUP(A39,budget2024,19,FALSE) -> 75 | G39: =VLOOKUP(A39,year2022to23,249,FALSE) -> 109.13 | H39: =E39-G39 -> 82.51 | I39: =E39/C39 -> 10.281116 | J39: =G39/C39 -> 5.8546137 | Z39: =VLOOKUP(A39,ffbbudgettwofive,7,FALSE) -> 4.3 | AA39: =VLOOKUP(A39,ffbbudgettwofive,8,FALSE) -> 3.44 | AB39: =VLOOKUP(A39,ffbbudgettwofive,9,FALSE) -> 6.02 | AC39: =VLOOKUP(A39,ffbbudgettwofive,10,FALSE) -> 6.02 | AD39: =VLOOKUP(A39,ffbbudgettwofive,11,FALSE) -> 6.02 | AE39: =VLOOKUP(A39,ffbbudgettwofive,12,FALSE) -> 6.02 | AF39: =VLOOKUP(A39,ffbbudgettwofive,13,FALSE) -> 7 | AG39: =VLOOKUP(A39,ffbbudgettwofive,14,FALSE) -> 9 | AH39: =VLOOKUP(A39,ffbbudgettwofive,15,FALSE) -> 9 | AI39: =VLOOKUP(A39,ffbbudgettwofive,16,FALSE) -> 12 | AJ39: =VLOOKUP(A39,ffbbudgettwofive,17,FALSE) -> 9 | AK39: =VLOOKUP(A39,ffbbudgettwofive,18,FALSE) -> 9
A40: 28 | B40: =VLOOKUP(A40,coupe,3,FALSE) -> 2015 | C40: =VLOOKUP(A40,WENDERLINUS,2,FALSE) -> 25.5 | D40: =VLOOKUP(A40,coupe,4,FALSE) -> 256 | E40: =VLOOKUP(A40,year2022to23,311,FALSE) -> 331.57 | F40: =VLOOKUP(A40,budget2024,19,FALSE) -> 128 | G40: =VLOOKUP(A40,year2022to23,249,FALSE) -> 249.43 | H40: =E40-G40 -> 82.14 | I40: =E40/C40 -> 13.002745 | J40: =G40/C40 -> 9.7815686 | Z40: =VLOOKUP(A40,ffbbudgettwofive,7,FALSE) -> 12.8 | AA40: =VLOOKUP(A40,ffbbudgettwofive,8,FALSE) -> 10.24 | AB40: =VLOOKUP(A40,ffbbudgettwofive,9,FALSE) -> 17.92 | AC40: =VLOOKUP(A40,ffbbudgettwofive,10,FALSE) -> 17.92 | AD40: =VLOOKUP(A40,ffbbudgettwofive,11,FALSE) -> 17.92 | AE40: =VLOOKUP(A40,ffbbudgettwofive,12,FALSE) -> 17.92 | AF40: =VLOOKUP(A40,ffbbudgettwofive,13,FALSE) -> 21 | AG40: =VLOOKUP(A40,ffbbudgettwofive,14,FALSE) -> 26 | AH40: =VLOOKUP(A40,ffbbudgettwofive,15,FALSE) -> 26 | AI40: =VLOOKUP(A40,ffbbudgettwofive,16,FALSE) -> 36 | AJ40: =VLOOKUP(A40,ffbbudgettwofive,17,FALSE) -> 28 | AK40: =VLOOKUP(A40,ffbbudgettwofive,18,FALSE) -> 26
A41: 29 | B41: =VLOOKUP(A41,coupe,3,FALSE) -> 2015 | C41: =VLOOKUP(A41,ERDI,2,FALSE) -> 11.38 | D41: =VLOOKUP(A41,coupe,4,FALSE) -> 69 | E41: =VLOOKUP(A41,year2022to23,311,FALSE) -> 97.54 | F41: =VLOOKUP(A41,budget2024,19,FALSE) -> 34 | G41: =VLOOKUP(A41,year2022to23,249,FALSE) -> 16.62 | H41: =E41-G41 -> 80.92 | I41: =E41/C41 -> 8.5711775 | J41: =G41/C41 -> 1.4604569 | Z41: =VLOOKUP(A41,ffbbudgettwofive,7,FALSE) -> 3.45 | AA41: =VLOOKUP(A41,ffbbudgettwofive,8,FALSE) -> 2.76 | AB41: =VLOOKUP(A41,ffbbudgettwofive,9,FALSE) -> 4.83 | AC41: =VLOOKUP(A41,ffbbudgettwofive,10,FALSE) -> 4.83 | AD41: =VLOOKUP(A41,ffbbudgettwofive,11,FALSE) -> 4.83 | AE41: =VLOOKUP(A41,ffbbudgettwofive,12,FALSE) -> 4.83 | AF41: =VLOOKUP(A41,ffbbudgettwofive,13,FALSE) -> 6 | AG41: =VLOOKUP(A41,ffbbudgettwofive,14,FALSE) -> 7 | AH41: =VLOOKUP(A41,ffbbudgettwofive,15,FALSE) -> 7 | AI41: =VLOOKUP(A41,ffbbudgettwofive,16,FALSE) -> 10 | AJ41: =VLOOKUP(A41,ffbbudgettwofive,17,FALSE) -> 8 | AK41: =VLOOKUP(A41,ffbbudgettwofive,18,FALSE) -> 7
A42: 30 | B42: =VLOOKUP(A42,coupe,3,FALSE) -> 2015 | C42: =VLOOKUP(A42,WENDERLINUS,2,FALSE) -> 24.35 | D42: =VLOOKUP(A42,coupe,4,FALSE) -> 74 | E42: =VLOOKUP(A42,year2022to23,311,FALSE) -> 222.79 | F42: =VLOOKUP(A42,budget2024,19,FALSE) -> 49 | G42: =VLOOKUP(A42,year2022to23,249,FALSE) -> 43.88 | H42: =E42-G42 -> 178.91 | I42: =E42/C42 -> 9.1494867 | J42: =G42/C42 -> 1.8020534 | Z42: =VLOOKUP(A42,ffbbudgettwofive,7,FALSE) -> 3.7 | AA42: =VLOOKUP(A42,ffbbudgettwofive,8,FALSE) -> 2.96 | AB42: =VLOOKUP(A42,ffbbudgettwofive,9,FALSE) -> 5.18 | AC42: =VLOOKUP(A42,ffbbudgettwofive,10,FALSE) -> 5.18 | AD42: =VLOOKUP(A42,ffbbudgettwofive,11,FALSE) -> 5.18 | AE42: =VLOOKUP(A42,ffbbudgettwofive,12,FALSE) -> 5.18 | AF42: =VLOOKUP(A42,ffbbudgettwofive,13,FALSE) -> 6 | AG42: =VLOOKUP(A42,ffbbudgettwofive,14,FALSE) -> 7 | AH42: =VLOOKUP(A42,ffbbudgettwofive,15,FALSE) -> 7 | AI42: =VLOOKUP(A42,ffbbudgettwofive,16,FALSE) -> 10 | AJ42: =VLOOKUP(A42,ffbbudgettwofive,17,FALSE) -> 8 | AK42: =VLOOKUP(A42,ffbbudgettwofive,18,FALSE) -> 7
A43: 31 | B43: =VLOOKUP(A43,coupe,3,FALSE) -> 2015 | C43: =VLOOKUP(A43,WENDERLINUS,2,FALSE) -> 34.08 | D43: =VLOOKUP(A43,coupe,4,FALSE) -> 116 | E43: =VLOOKUP(A43,year2022to23,311,FALSE) -> 233.19 | F43: =VLOOKUP(A43,budget2024,19,FALSE) -> 68 | G43: =VLOOKUP(A43,year2022to23,249,FALSE) -> 51.333 | H43: =E43-G43 -> 181.857 | I43: =E43/C43 -> 6.8424296 | J43: =G43/C43 -> 1.50625 | Z43: =VLOOKUP(A43,ffbbudgettwofive,7,FALSE) -> 5.8 | AA43: =VLOOKUP(A43,ffbbudgettwofive,8,FALSE) -> 4.64 | AB43: =VLOOKUP(A43,ffbbudgettwofive,9,FALSE) -> 8.12 | AC43: =VLOOKUP(A43,ffbbudgettwofive,10,FALSE) -> 8.12 | AD43: =VLOOKUP(A43,ffbbudgettwofive,11,FALSE) -> 8.12 | AE43: =VLOOKUP(A43,ffbbudgettwofive,12,FALSE) -> 8.12 | AF43: =VLOOKUP(A43,ffbbudgettwofive,13,FALSE) -> 9 | AG43: =VLOOKUP(A43,ffbbudgettwofive,14,FALSE) -> 12 | AH43: =VLOOKUP(A43,ffbbudgettwofive,15,FALSE) -> 12 | AI43: =VLOOKUP(A43,ffbbudgettwofive,16,FALSE) -> 16 | AJ43: =VLOOKUP(A43,ffbbudgettwofive,17,FALSE) -> 13 | AK43: =VLOOKUP(A43,ffbbudgettwofive,18,FALSE) -> 12
B45: =B46 -> 2016 | C45: =SUM(C46:C47) -> 33.22 | D45: =SUM(D46:D47) -> 458 | E45: =SUM(E46:E47) -> 517.73 | F45: =SUM(F46:F47) -> 269 | G45: =SUM(G46:G47) -> 389.44 | H45: =E45-G45 -> 128.29 | I45: =E45/C45 -> 15.584889 | J45: =G45/C45 -> 11.723058 | Z45: Jan | AA45: Feb | AB45: Mar | AC45: Apr | AD45: May | AE45: Jun | AF45: Jul | AG45: Aug | AH45: Sep | AI45: Oct | AJ45: Nov | AK45: Dec
A46: 33 | B46: =VLOOKUP(A46,coupe,3,FALSE) -> 2016 | C46: =VLOOKUP(A46,WENDERLINUS,2,FALSE) -> 28.72 | D46: =VLOOKUP(A46,coupe,4,FALSE) -> 431 | E46: =VLOOKUP(A46,year2022to23,311,FALSE) -> 478.1 | F46: =VLOOKUP(A46,budget2024,19,FALSE) -> 258 | G46: =VLOOKUP(A46,year2022to23,249,FALSE) -> 359.2 | H46: =E46-G46 -> 118.9 | I46: =E46/C46 -> 16.646936 | J46: =G46/C46 -> 12.506964 | Z46: =VLOOKUP(A46,ffbbudgettwofive,7,FALSE) -> 21.55 | AA46: =VLOOKUP(A46,ffbbudgettwofive,8,FALSE) -> 17.24 | AB46: =VLOOKUP(A46,ffbbudgettwofive,9,FALSE) -> 30.17 | AC46: =VLOOKUP(A46,ffbbudgettwofive,10,FALSE) -> 30.17 | AD46: =VLOOKUP(A46,ffbbudgettwofive,11,FALSE) -> 30.17 | AE46: =VLOOKUP(A46,ffbbudgettwofive,12,FALSE) -> 30.17 | AF46: =VLOOKUP(A46,ffbbudgettwofive,13,FALSE) -> 34 | AG46: =VLOOKUP(A46,ffbbudgettwofive,14,FALSE) -> 43 | AH46: =VLOOKUP(A46,ffbbudgettwofive,15,FALSE) -> 43 | AI46: =VLOOKUP(A46,ffbbudgettwofive,16,FALSE) -> 60 | AJ46: =VLOOKUP(A46,ffbbudgettwofive,17,FALSE) -> 47 | AK46: =VLOOKUP(A46,ffbbudgettwofive,18,FALSE) -> 43
A47: 39 | B47: =VLOOKUP(A47,coupe,3,FALSE) -> 2016 | C47: =VLOOKUP(A47,WENDERLINUS,2,FALSE) -> 4.5 | D47: =VLOOKUP(A47,coupe,4,FALSE) -> 27 | E47: =VLOOKUP(A47,year2022to23,311,FALSE) -> 39.63 | F47: =VLOOKUP(A47,budget2024,19,FALSE) -> 11 | G47: =VLOOKUP(A47,year2022to23,249,FALSE) -> 30.24 | H47: =E47-G47 -> 9.39 | I47: =E47/C47 -> 8.8066667 | J47: =G47/C47 -> 6.72 | Z47: =VLOOKUP(A47,ffbbudgettwofive,7,FALSE) -> 0.35 | AA47: =VLOOKUP(A47,ffbbudgettwofive,8,FALSE) -> 0.08 | AB47: =VLOOKUP(A47,ffbbudgettwofive,9,FALSE) -> 1.89 | AC47: =VLOOKUP(A47,ffbbudgettwofive,10,FALSE) -> 1.89 | AD47: =VLOOKUP(A47,ffbbudgettwofive,11,FALSE) -> 1.89 | AE47: =VLOOKUP(A47,ffbbudgettwofive,12,FALSE) -> 1.89 | AF47: =VLOOKUP(A47,ffbbudgettwofive,13,FALSE) -> 2 | AG47: =VLOOKUP(A47,ffbbudgettwofive,14,FALSE) -> 3 | AH47: =VLOOKUP(A47,ffbbudgettwofive,15,FALSE) -> 3 | AI47: =VLOOKUP(A47,ffbbudgettwofive,16,FALSE) -> 4 | AJ47: =VLOOKUP(A47,ffbbudgettwofive,17,FALSE) -> 3 | AK47: =VLOOKUP(A47,ffbbudgettwofive,18,FALSE) -> 3
B49: All Blocks | C49: =C6+C20+C29+C36+C45 -> 1416.51 | D49: =D6+D20+D29+D36+D45 -> 25903 | E49: =E6+E20+E29+E36+E45 -> 21660.14 | F49: =F6+F20+F29+F36+F45 -> 25496 | G49: =G6+G20+G29+G36+G45 -> 19489.853 | H49: =H6+H20+H29+H36+H45 -> 2170.287 | I49: =E49/C49 -> 15.291202 | J49: =G49/C49 -> 13.759065
A52: year 2024
A53: *block 105, 0.15ton not included in YTD
A54: *block 114, 0.15ton not included in YTD

Sheet OVERALL BY GANG COMPARISON YTD
A1: YIELD TO DATE OF CURRENT YEAR VS. PAST YEAR
D4: YTD (MT) | F4: Budget (MT) | H4: Variance (MT) | J4: Achievement (%) | L4: YTD MT / HA
B5: O/P | C5: Total HA | D5: 2025 | E5: 2024 | F5: 2025 | G5: 2024 | H5: 2025 | I5: 2024 | J5: 2025 | K5: 2024 | L5: 2025 | M5: 2024 | AC5: 2025 FFB BUDGET
B6: =B7 -> 2010 | C6: =SUM(C7:C18) -> 616 | D6: =SUM(D7:D18) -> 9294.3 | E6: =SUM(E7:E18) -> 8876.255 | F6: =SUM(F7:F18) -> 12143 | G6: =SUM(G7:G18) -> 12247 | H6: =SUM(H7:H18) -> -2848.7 | I6: =SUM(I7:I18) -> -3370.745 | J6: =D6/F6*100% -> 0.76540394 | K6: =E6/G6*100% -> 0.72476974 | L6: =D6/C6 -> 15.088149 | M6: =E6/C6 -> 14.409505 | AC6: Jan | AD6: Feb | AE6: Mar | AF6: Apr | AG6: May | AH6: Jun | AI6: Jul | AJ6: Aug | AK6: Sep | AL6: Oct | AM6: Nov | AN6: Dec
A7: 1 | B7: =VLOOKUP(A7,coupe,3,FALSE) -> 2010 | C7: =VLOOKUP(A7,YUVENTUS,2,FALSE) -> 53.2 | D7: =VLOOKUP(A7,year2022to23,311,FALSE) -> 909.79 | E7: =VLOOKUP(A7,year2022to23,249,FALSE) -> 707.14 | F7: =VLOOKUP(A7,coupe,4,FALSE) -> 1064 | G7: =VLOOKUP(A7,budget2024,19,FALSE) -> 1064 | H7: =D7-F7 -> -154.21 | I7: =E7-G7 -> -356.86 | J7: =D7/F7*100% -> 0.85506579 | K7: =E7/G7*100% -> 0.66460526 | L7: =D7/C7 -> 17.101316 | M7: =E7/C7 -> 13.292105 | AC7: =VLOOKUP(A7,ffbbudgettwofive,7,FALSE) -> 53.2 | AD7: =VLOOKUP(A7,ffbbudgettwofive,8,FALSE) -> 42.56 | AE7: =VLOOKUP(A7,ffbbudgettwofive,9,FALSE) -> 74.48 | AF7: =VLOOKUP(A7,ffbbudgettwofive,10,FALSE) -> 74.48 | AG7: =VLOOKUP(A7,ffbbudgettwofive,11,FALSE) -> 74.48 | AH7: =VLOOKUP(A7,ffbbudgettwofive,12,FALSE) -> 74.48 | AI7: =VLOOKUP(A7,ffbbudgettwofive,13,FALSE) -> 85 | AJ7: =VLOOKUP(A7,ffbbudgettwofive,14,FALSE) -> 106 | AK7: =VLOOKUP(A7,ffbbudgettwofive,15,FALSE) -> 106 | AL7: =VLOOKUP(A7,ffbbudgettwofive,16,FALSE) -> 149 | AM7: =VLOOKUP(A7,ffbbudgettwofive,17,FALSE) -> 117 | AN7: =VLOOKUP(A7,ffbbudgettwofive,18,FALSE) -> 106
A8: 2 | B8: =VLOOKUP(A8,coupe,3,FALSE) -> 2010 | C8: =VLOOKUP(A8,ERDI,2,FALSE) -> 60.4 | D8: =VLOOKUP(A8,year2022to23,311,FALSE) -> 889.57 | E8: =VLOOKUP(A8,year2022to23,249,FALSE) -> 828.714 | F8: =VLOOKUP(A8,coupe,4,FALSE) -> 1208 | G8: =VLOOKUP(A8,budget2024,19,FALSE) -> 1208 | H8: =D8-F8 -> -318.43 | I8: =E8-G8 -> -379.286 | J8: =D8/F8*100% -> 0.73639901 | K8: =E8/G8*100% -> 0.68602152 | L8: =D8/C8 -> 14.72798 | M8: =E8/C8 -> 13.72043 | AC8: =VLOOKUP(A8,ffbbudgettwofive,7,FALSE) -> 60.4 | AD8: =VLOOKUP(A8,ffbbudgettwofive,8,FALSE) -> 48.32 | AE8: =VLOOKUP(A8,ffbbudgettwofive,9,FALSE) -> 84.56 | AF8: =VLOOKUP(A8,ffbbudgettwofive,10,FALSE) -> 84.56 | AG8: =VLOOKUP(A8,ffbbudgettwofive,11,FALSE) -> 84.56 | AH8: =VLOOKUP(A8,ffbbudgettwofive,12,FALSE) -> 84.56 | AI8: =VLOOKUP(A8,ffbbudgettwofive,13,FALSE) -> 97 | AJ8: =VLOOKUP(A8,ffbbudgettwofive,14,FALSE) -> 121 | AK8: =VLOOKUP(A8,ffbbudgettwofive,15,FALSE) -> 121 | AL8: =VLOOKUP(A8,ffbbudgettwofive,16,FALSE) -> 169 | AM8: =VLOOKUP(A8,ffbbudgettwofive,17,FALSE) -> 133 | AN8: =VLOOKUP(A8,ffbbudgettwofive,18,FALSE) -> 121
A9: 3 | B9: =VLOOKUP(A9,coupe,3,FALSE) -> 2010 | C9: =VLOOKUP(A9,YUVENTUS,2,FALSE) -> 69.2 | D9: =VLOOKUP(A9,year2022to23,311,FALSE) -> 1085.75 | E9: =VLOOKUP(A9,year2022to23,249,FALSE) -> 927.07 | F9: =VLOOKUP(A9,coupe,4,FALSE) -> 1384 | G9: =VLOOKUP(A9,budget2024,19,FALSE) -> 1384 | H9: =D9-F9 -> -298.25 | I9: =E9-G9 -> -456.93 | J9: =D9/F9*100% -> 0.78450145 | K9: =E9/G9*100% -> 0.66984827 | L9: =D9/C9 -> 15.690029 | M9: =E9/C9 -> 13.396965 | AC9: =VLOOKUP(A9,ffbbudgettwofive,7,FALSE) -> 69.2 | AD9: =VLOOKUP(A9,ffbbudgettwofive,8,FALSE) -> 55.36 | AE9: =VLOOKUP(A9,ffbbudgettwofive,9,FALSE) -> 96.88 | AF9: =VLOOKUP(A9,ffbbudgettwofive,10,FALSE) -> 96.88 | AG9: =VLOOKUP(A9,ffbbudgettwofive,11,FALSE) -> 96.88 | AH9: =VLOOKUP(A9,ffbbudgettwofive,12,FALSE) -> 96.88 | AI9: =VLOOKUP(A9,ffbbudgettwofive,13,FALSE) -> 111 | AJ9: =VLOOKUP(A9,ffbbudgettwofive,14,FALSE) -> 138 | AK9: =VLOOKUP(A9,ffbbudgettwofive,15,FALSE) -> 138 | AL9: =VLOOKUP(A9,ffbbudgettwofive,16,FALSE) -> 194 | AM9: =VLOOKUP(A9,ffbbudgettwofive,17,FALSE) -> 152 | AN9: =VLOOKUP(A9,ffbbudgettwofive,18,FALSE) -> 138
A10: 4 | B10: =VLOOKUP(A10,coupe,3,FALSE) -> 2010 | C10: =VLOOKUP(A10,SERAN,2,FALSE) -> 70.6 | D10: =VLOOKUP(A10,year2022to23,311,FALSE) -> 1063.57 | E10: =VLOOKUP(A10,year2022to23,249,FALSE) -> 1027.433 | F10: =VLOOKUP(A10,coupe,4,FALSE) -> 1412 | G10: =VLOOKUP(A10,budget2024,19,FALSE) -> 1412 | H10: =D10-F10 -> -348.43 | I10: =E10-G10 -> -384.567 | J10: =D10/F10*100% -> 0.75323654 | K10: =E10/G10*100% -> 0.72764377 | L10: =D10/C10 -> 15.064731 | M10: =E10/C10 -> 14.552875 | AC10: =VLOOKUP(A10,ffbbudgettwofive,7,FALSE) -> 70.6 | AD10: =VLOOKUP(A10,ffbbudgettwofive,8,FALSE) -> 56.48 | AE10: =VLOOKUP(A10,ffbbudgettwofive,9,FALSE) -> 98.84 | AF10: =VLOOKUP(A10,ffbbudgettwofive,10,FALSE) -> 98.84 | AG10: =VLOOKUP(A10,ffbbudgettwofive,11,FALSE) -> 98.84 | AH10: =VLOOKUP(A10,ffbbudgettwofive,12,FALSE) -> 98.84 | AI10: =VLOOKUP(A10,ffbbudgettwofive,13,FALSE) -> 113 | AJ10: =VLOOKUP(A10,ffbbudgettwofive,14,FALSE) -> 141 | AK10: =VLOOKUP(A10,ffbbudgettwofive,15,FALSE) -> 141 | AL10: =VLOOKUP(A10,ffbbudgettwofive,16,FALSE) -> 198 | AM10: =VLOOKUP(A10,ffbbudgettwofive,17,FALSE) -> 155 | AN10: =VLOOKUP(A10,ffbbudgettwofive,18,FALSE) -> 141
A11: 5 | B11: =VLOOKUP(A11,coupe,3,FALSE) -> 2010 | C11: =VLOOKUP(A11,SERAN,2,FALSE) -> 50.4 | D11: =VLOOKUP(A11,year2022to23,311,FALSE) -> 835.29 | E11: =VLOOKUP(A11,year2022to23,249,FALSE) -> 781.76 | F11: =VLOOKUP(A11,coupe,4,FALSE) -> 1008 | G11: =VLOOKUP(A11,budget2024,19,FALSE) -> 1008 | H11: =D11-F11 -> -172.71 | I11: =E11-G11 -> -226.24 | J11: =D11/F11*100% -> 0.82866071 | K11: =E11/G11*100% -> 0.77555556 | L11: =D11/C11 -> 16.573214 | M11: =E11/C11 -> 15.511111 | AC11: =VLOOKUP(A11,ffbbudgettwofive,7,FALSE) -> 50.4 | AD11: =VLOOKUP(A11,ffbbudgettwofive,8,FALSE) -> 40.32 | AE11: =VLOOKUP(A11,ffbbudgettwofive,9,FALSE) -> 70.56 | AF11: =VLOOKUP(A11,ffbbudgettwofive,10,FALSE) -> 70.56 | AG11: =VLOOKUP(A11,ffbbudgettwofive,11,FALSE) -> 70.56 | AH11: =VLOOKUP(A11,ffbbudgettwofive,12,FALSE) -> 70.56 | AI11: =VLOOKUP(A11,ffbbudgettwofive,13,FALSE) -> 81 | AJ11: =VLOOKUP(A11,ffbbudgettwofive,14,FALSE) -> 101 | AK11: =VLOOKUP(A11,ffbbudgettwofive,15,FALSE) -> 101 | AL11: =VLOOKUP(A11,ffbbudgettwofive,16,FALSE) -> 141 | AM11: =VLOOKUP(A11,ffbbudgettwofive,17,FALSE) -> 111 | AN11: =VLOOKUP(A11,ffbbudgettwofive,18,FALSE) -> 101
A12: 6 | B12: =VLOOKUP(A12,coupe,3,FALSE) -> 2010 | C12: =VLOOKUP(A12,SERAN,2,FALSE) -> 58.6 | D12: =VLOOKUP(A12,year2022to23,311,FALSE) -> 961.24 | E12: =VLOOKUP(A12,year2022to23,249,FALSE) -> 1014.32 | F12: =VLOOKUP(A12,coupe,4,FALSE) -> 1172 | G12: =VLOOKUP(A12,budget2024,19,FALSE) -> 1172 | H12: =D12-F12 -> -210.76 | I12: =E12-G12 -> -157.68 | J12: =D12/F12*100% -> 0.82017065 | K12: =E12/G12*100% -> 0.86546075 | L12: =D12/C12 -> 16.403413 | M12: =E12/C12 -> 17.309215 | AC12: =VLOOKUP(A12,ffbbudgettwofive,7,FALSE) -> 58.6 | AD12: =VLOOKUP(A12,ffbbudgettwofive,8,FALSE) -> 46.88 | AE12: =VLOOKUP(A12,ffbbudgettwofive,9,FALSE) -> 82.04 | AF12: =VLOOKUP(A12,ffbbudgettwofive,10,FALSE) -> 82.04 | AG12: =VLOOKUP(A12,ffbbudgettwofive,11,FALSE) -> 82.04 | AH12: =VLOOKUP(A12,ffbbudgettwofive,12,FALSE) -> 82.04 | AI12: =VLOOKUP(A12,ffbbudgettwofive,13,FALSE) -> 94 | AJ12: =VLOOKUP(A12,ffbbudgettwofive,14,FALSE) -> 117 | AK12: =VLOOKUP(A12,ffbbudgettwofive,15,FALSE) -> 117 | AL12: =VLOOKUP(A12,ffbbudgettwofive,16,FALSE) -> 164 | AM12: =VLOOKUP(A12,ffbbudgettwofive,17,FALSE) -> 129 | AN12: =VLOOKUP(A12,ffbbudgettwofive,18,FALSE) -> 117
A13: 7 | B13: =VLOOKUP(A13,coupe,3,FALSE) -> 2010 | C13: =VLOOKUP(A13,SERAN,2,FALSE) -> 23.6 | D13: =VLOOKUP(A13,year2022to23,311,FALSE) -> 334.61 | E13: =VLOOKUP(A13,year2022to23,249,FALSE) -> 351.984 | F13: =VLOOKUP(A13,coupe,4,FALSE) -> 401 | G13: =VLOOKUP(A13,budget2024,19,FALSE) -> 401 | H13: =D13-F13 -> -66.39 | I13: =E13-G13 -> -49.016 | J13: =D13/F13*100% -> 0.8344389 | K13: =E13/G13*100% -> 0.87776559 | L13: =D13/C13 -> 14.17839 | M13: =E13/C13 -> 14.914576 | AC13: =VLOOKUP(A13,ffbbudgettwofive,7,FALSE) -> 20.05 | AD13: =VLOOKUP(A13,ffbbudgettwofive,8,FALSE) -> 16.04 | AE13: =VLOOKUP(A13,ffbbudgettwofive,9,FALSE) -> 28.07 | AF13: =VLOOKUP(A13,ffbbudgettwofive,10,FALSE) -> 28.07 | AG13: =VLOOKUP(A13,ffbbudgettwofive,11,FALSE) -> 28.07 | AH13: =VLOOKUP(A13,ffbbudgettwofive,12,FALSE) -> 28.07 | AI13: =VLOOKUP(A13,ffbbudgettwofive,13,FALSE) -> 32 | AJ13: =VLOOKUP(A13,ffbbudgettwofive,14,FALSE) -> 40 | AK13: =VLOOKUP(A13,ffbbudgettwofive,15,FALSE) -> 40 | AL13: =VLOOKUP(A13,ffbbudgettwofive,16,FALSE) -> 56 | AM13: =VLOOKUP(A13,ffbbudgettwofive,17,FALSE) -> 44 | AN13: =VLOOKUP(A13,ffbbudgettwofive,18,FALSE) -> 40
A14: 8 | B14: =VLOOKUP(A14,coupe,3,FALSE) -> 2010 | C14: =VLOOKUP(A14,NURAZANI,2,FALSE) -> 61.6 | D14: =VLOOKUP(A14,year2022to23,311,FALSE) -> 906.12 | E14: =VLOOKUP(A14,year2022to23,249,FALSE) -> 924.42 | F14: =VLOOKUP(A14,coupe,4,FALSE) -> 1232 | G14: =VLOOKUP(A14,budget2024,19,FALSE) -> 1232 | H14: =D14-F14 -> -325.88 | I14: =E14-G14 -> -307.58 | J14: =D14/F14*100% -> 0.73548701 | K14: =E14/G14*100% -> 0.75034091 | L14: =D14/C14 -> 14.70974 | M14: =E14/C14 -> 15.006818 | AC14: =VLOOKUP(A14,ffbbudgettwofive,7,FALSE) -> 61.6 | AD14: =VLOOKUP(A14,ffbbudgettwofive,8,FALSE) -> 49.28 | AE14: =VLOOKUP(A14,ffbbudgettwofive,9,FALSE) -> 86.24 | AF14: =VLOOKUP(A14,ffbbudgettwofive,10,FALSE) -> 86.24 | AG14: =VLOOKUP(A14,ffbbudgettwofive,11,FALSE) -> 86.24 | AH14: =VLOOKUP(A14,ffbbudgettwofive,12,FALSE) -> 86.24 | AI14: =VLOOKUP(A14,ffbbudgettwofive,13,FALSE) -> 99 | AJ14: =VLOOKUP(A14,ffbbudgettwofive,14,FALSE) -> 123 | AK14: =VLOOKUP(A14,ffbbudgettwofive,15,FALSE) -> 123 | AL14: =VLOOKUP(A14,ffbbudgettwofive,16,FALSE) -> 172 | AM14: =VLOOKUP(A14,ffbbudgettwofive,17,FALSE) -> 136 | AN14: =VLOOKUP(A14,ffbbudgettwofive,18,FALSE) -> 123
A15: 9 | B15: =VLOOKUP(A15,coupe,3,FALSE) -> 2010 | C15: =VLOOKUP(A15,NURAZANI,2,FALSE) -> 38.3 | D15: =VLOOKUP(A15,year2022to23,311,FALSE) -> 486.12 | E15: =VLOOKUP(A15,year2022to23,249,FALSE) -> 489.69 | F15: =VLOOKUP(A15,coupe,4,FALSE) -> 689 | G15: =VLOOKUP(A15,budget2024,19,FALSE) -> 689 | H15: =D15-F15 -> -202.88 | I15: =E15-G15 -> -199.31 | J15: =D15/F15*100% -> 0.70554427 | K15: =E15/G15*100% -> 0.71072569 | L15: =D15/C15 -> 12.692428 | M15: =E15/C15 -> 12.78564 | AC15: =VLOOKUP(A15,ffbbudgettwofive,7,FALSE) -> 34.45 | AD15: =VLOOKUP(A15,ffbbudgettwofive,8,FALSE) -> 27.56 | AE15: =VLOOKUP(A15,ffbbudgettwofive,9,FALSE) -> 48.23 | AF15: =VLOOKUP(A15,ffbbudgettwofive,10,FALSE) -> 48.23 | AG15: =VLOOKUP(A15,ffbbudgettwofive,11,FALSE) -> 48.23 | AH15: =VLOOKUP(A15,ffbbudgettwofive,12,FALSE) -> 48.23 | AI15: =VLOOKUP(A15,ffbbudgettwofive,13,FALSE) -> 55 | AJ15: =VLOOKUP(A15,ffbbudgettwofive,14,FALSE) -> 69 | AK15: =VLOOKUP(A15,ffbbudgettwofive,15,FALSE) -> 69 | AL15: =VLOOKUP(A15,ffbbudgettwofive,16,FALSE) -> 97 | AM15: =VLOOKUP(A15,ffbbudgettwofive,17,FALSE) -> 76 | AN15: =VLOOKUP(A15,ffbbudgettwofive,18,FALSE) -> 69
A16: 11 | B16: =VLOOKUP(A16,coupe,3,FALSE) -> 2010 | C16: =VLOOKUP(A16,ERDI,2,FALSE) -> 44.5 | D16: =VLOOKUP(A16,year2022to23,311,FALSE) -> 529.89 | E16: =VLOOKUP(A16,year2022to23,249,FALSE) -> 539.214 | F16: =VLOOKUP(A16,coupe,4,FALSE) -> 846 | G16: =VLOOKUP(A16,budget2024,19,FALSE) -> 846 | H16: =D16-F16 -> -316.11 | I16: =E16-G16 -> -306.786 | J16: =D16/F16*100% -> 0.62634752 | K16: =E16/G16*100% -> 0.63736879 | L16: =D16/C16 -> 11.90764 | M16: =E16/C16 -> 12.117169 | AC16: =VLOOKUP(A16,ffbbudgettwofive,7,FALSE) -> 42.3 | AD16: =VLOOKUP(A16,ffbbudgettwofive,8,FALSE) -> 33.84 | AE16: =VLOOKUP(A16,ffbbudgettwofive,9,FALSE) -> 59.22 | AF16: =VLOOKUP(A16,ffbbudgettwofive,10,FALSE) -> 59.22 | AG16: =VLOOKUP(A16,ffbbudgettwofive,11,FALSE) -> 59.22 | AH16: =VLOOKUP(A16,ffbbudgettwofive,12,FALSE) -> 59.22 | AI16: =VLOOKUP(A16,ffbbudgettwofive,13,FALSE) -> 68 | AJ16: =VLOOKUP(A16,ffbbudgettwofive,14,FALSE) -> 85 | AK16: =VLOOKUP(A16,ffbbudgettwofive,15,FALSE) -> 85 | AL16: =VLOOKUP(A16,ffbbudgettwofive,16,FALSE) -> 118 | AM16: =VLOOKUP(A16,ffbbudgettwofive,17,FALSE) -> 93 | AN16: =VLOOKUP(A16,ffbbudgettwofive,18,FALSE) -> 85
A17: 12 | B17: =VLOOKUP(A17,coupe,3,FALSE) -> 2010 | C17: =VLOOKUP(A17,NURAZANI,2,FALSE) -> 71 | D17: =VLOOKUP(A17,year2022to23,311,FALSE) -> 1000.74 | E17: =VLOOKUP(A17,year2022to23,249,FALSE) -> 996.92 | F17: =VLOOKUP(A17,coupe,4,FALSE) -> 1420 | G17: =VLOOKUP(A17,budget2024,19,FALSE) -> 1524 | H17: =D17-F17 -> -419.26 | I17: =E17-G17 -> -527.08 | J17: =D17/F17*100% -> 0.70474648 | K17: =E17/G17*100% -> 0.65414698 | L17: =D17/C17 -> 14.09493 | M17: =E17/C17 -> 14.041127 | AC17: =VLOOKUP(A17,ffbbudgettwofive,7,FALSE) -> 71 | AD17: =VLOOKUP(A17,ffbbudgettwofive,8,FALSE) -> 56.8 | AE17: =VLOOKUP(A17,ffbbudgettwofive,9,FALSE) -> 99.4 | AF17: =VLOOKUP(A17,ffbbudgettwofive,10,FALSE) -> 99.4 | AG17: =VLOOKUP(A17,ffbbudgettwofive,11,FALSE) -> 99.4 | AH17: =VLOOKUP(A17,ffbbudgettwofive,12,FALSE) -> 99.4 | AI17: =VLOOKUP(A17,ffbbudgettwofive,13,FALSE) -> 114 | AJ17: =VLOOKUP(A17,ffbbudgettwofive,14,FALSE) -> 142 | AK17: =VLOOKUP(A17,ffbbudgettwofive,15,FALSE) -> 142 | AL17: =VLOOKUP(A17,ffbbudgettwofive,16,FALSE) -> 199 | AM17: =VLOOKUP(A17,ffbbudgettwofive,17,FALSE) -> 156 | AN17: =VLOOKUP(A17,ffbbudgettwofive,18,FALSE) -> 142
A18: 23 | B18: =VLOOKUP(A18,coupe,3,FALSE) -> 2010 | C18: =VLOOKUP(A18,SERAN,2,FALSE) -> 14.6 | D18: =VLOOKUP(A18,year2022to23,311,FALSE) -> 291.61 | E18: =VLOOKUP(A18,year2022to23,249,FALSE) -> 287.59 | F18: =VLOOKUP(A18,coupe,4,FALSE) -> 307 | G18: =VLOOKUP(A18,budget2024,19,FALSE) -> 307 | H18: =D18-F18 -> -15.39 | I18: =E18-G18 -> -19.41 | J18: =D18/F18*100% -> 0.94986971 | K18: =E18/G18*100% -> 0.93677524 | L18: =D18/C18 -> 19.973288 | M18: =E18/C18 -> 19.697945 | AC18: =VLOOKUP(A18,ffbbudgettwofive,7,FALSE) -> 15.35 | AD18: =VLOOKUP(A18,ffbbudgettwofive,8,FALSE) -> 12.28 | AE18: =VLOOKUP(A18,ffbbudgettwofive,9,FALSE) -> 21.49 | AF18: =VLOOKUP(A18,ffbbudgettwofive,10,FALSE) -> 21.49 | AG18: =VLOOKUP(A18,ffbbudgettwofive,11,FALSE) -> 21.49 | AH18: =VLOOKUP(A18,ffbbudgettwofive,12,FALSE) -> 21.49 | AI18: =VLOOKUP(A18,ffbbudgettwofive,13,FALSE) -> 25 | AJ18: =VLOOKUP(A18,ffbbudgettwofive,14,FALSE) -> 31 | AK18: =VLOOKUP(A18,ffbbudgettwofive,15,FALSE) -> 31 | AL18: =VLOOKUP(A18,ffbbudgettwofive,16,FALSE) -> 43 | AM18: =VLOOKUP(A18,ffbbudgettwofive,17,FALSE) -> 34 | AN18: =VLOOKUP(A18,ffbbudgettwofive,18,FALSE) -> 31
B20: =B21 -> 2011 | C20: =SUM(C21:C27) -> 310.5 | D20: =SUM(D21:D27) -> 5287.5 | E20: =SUM(E21:E27) -> 5030.965 | F20: =SUM(F21:F27) -> 6528 | G20: =SUM(G21:G27) -> 6528 | H20: =SUM(H21:H27) -> -1240.5 | I20: =SUM(I21:I27) -> -1497.035 | J20: =D20/F20*100% -> 0.80997243 | K20: =E20/G20*100% -> 0.77067479 | L20: =D20/C20 -> 17.028986 | M20: =E20/C20 -> 16.202786 | AC20: Jan | AD20: Feb | AE20: Mar | AF20: Apr | AG20: May | AH20: Jun | AI20: Jul | AJ20: Aug | AK20: Sep | AL20: Oct | AM20: Nov | AN20: Dec
A21: 10 | B21: =VLOOKUP(A21,coupe,3,FALSE) -> 2011 | C21: =VLOOKUP(A21,NURAZANI,2,FALSE) -> 19.1 | D21: =VLOOKUP(A21,year2022to23,311,FALSE) -> 259.04 | E21: =VLOOKUP(A21,year2022to23,249,FALSE) -> 260.8 | F21: =VLOOKUP(A21,coupe,4,FALSE) -> 363 | G21: =VLOOKUP(A21,budget2024,19,FALSE) -> 363 | H21: =D21-F21 -> -103.96 | I21: =E21-G21 -> -102.2 | J21: =D21/F21*100% -> 0.71360882 | K21: =E21/G21*100% -> 0.7184573 | L21: =D21/C21 -> 13.562304 | M21: =E21/C21 -> 13.65445 | AC21: =VLOOKUP(A21,ffbbudgettwofive,7,FALSE) -> 18.15 | AD21: =VLOOKUP(A21,ffbbudgettwofive,8,FALSE) -> 14.52 | AE21: =VLOOKUP(A21,ffbbudgettwofive,9,FALSE) -> 25.41 | AF21: =VLOOKUP(A21,ffbbudgettwofive,10,FALSE) -> 25.41 | AG21: =VLOOKUP(A21,ffbbudgettwofive,11,FALSE) -> 25.41 | AH21: =VLOOKUP(A21,ffbbudgettwofive,12,FALSE) -> 25.41 | AI21: =VLOOKUP(A21,ffbbudgettwofive,13,FALSE) -> 29 | AJ21: =VLOOKUP(A21,ffbbudgettwofive,14,FALSE) -> 36 | AK21: =VLOOKUP(A21,ffbbudgettwofive,15,FALSE) -> 36 | AL21: =VLOOKUP(A21,ffbbudgettwofive,16,FALSE) -> 51 | AM21: =VLOOKUP(A21,ffbbudgettwofive,17,FALSE) -> 40 | AN21: =VLOOKUP(A21,ffbbudgettwofive,18,FALSE) -> 36
A22: 13 | B22: =VLOOKUP(A22,coupe,3,FALSE) -> 2011 | C22: =VLOOKUP(A22,NURAZANI,2,FALSE) -> 60.8 | D22: =VLOOKUP(A22,year2022to23,311,FALSE) -> 1038.9 | E22: =VLOOKUP(A22,year2022to23,249,FALSE) -> 998.859 | F22: =VLOOKUP(A22,coupe,4,FALSE) -> 1338 | G22: =VLOOKUP(A22,budget2024,19,FALSE) -> 1338 | H22: =D22-F22 -> -299.1 | I22: =E22-G22 -> -339.141 | J22: =D22/F22*100% -> 0.7764574 | K22: =E22/G22*100% -> 0.74653139 | L22: =D22/C22 -> 17.087171 | M22: =E22/C22 -> 16.428602 | AC22: =VLOOKUP(A22,ffbbudgettwofive,7,FALSE) -> 66.9 | AD22: =VLOOKUP(A22,ffbbudgettwofive,8,FALSE) -> 53.52 | AE22: =VLOOKUP(A22,ffbbudgettwofive,9,FALSE) -> 93.66 | AF22: =VLOOKUP(A22,ffbbudgettwofive,10,FALSE) -> 93.66 | AG22: =VLOOKUP(A22,ffbbudgettwofive,11,FALSE) -> 93.66 | AH22: =VLOOKUP(A22,ffbbudgettwofive,12,FALSE) -> 93.66 | AI22: =VLOOKUP(A22,ffbbudgettwofive,13,FALSE) -> 107 | AJ22: =VLOOKUP(A22,ffbbudgettwofive,14,FALSE) -> 134 | AK22: =VLOOKUP(A22,ffbbudgettwofive,15,FALSE) -> 134 | AL22: =VLOOKUP(A22,ffbbudgettwofive,16,FALSE) -> 187 | AM22: =VLOOKUP(A22,ffbbudgettwofive,17,FALSE) -> 147 | AN22: =VLOOKUP(A22,ffbbudgettwofive,18,FALSE) -> 134
A23: 14 | B23: =VLOOKUP(A23,coupe,3,FALSE) -> 2011 | C23: =VLOOKUP(A23,YUVENTUS,2,FALSE) -> 41.6 | D23: =VLOOKUP(A23,year2022to23,311,FALSE) -> 714.03 | E23: =VLOOKUP(A23,year2022to23,249,FALSE) -> 762.686 | F23: =VLOOKUP(A23,coupe,4,FALSE) -> 874 | G23: =VLOOKUP(A23,budget2024,19,FALSE) -> 874 | H23: =D23-F23 -> -159.97 | I23: =E23-G23 -> -111.314 | J23: =D23/F23*100% -> 0.81696796 | K23: =E23/G23*100% -> 0.87263844 | L23: =D23/C23 -> 17.164183 | M23: =E23/C23 -> 18.333798 | AC23: =VLOOKUP(A23,ffbbudgettwofive,7,FALSE) -> 43.7 | AD23: =VLOOKUP(A23,ffbbudgettwofive,8,FALSE) -> 34.96 | AE23: =VLOOKUP(A23,ffbbudgettwofive,9,FALSE) -> 61.18 | AF23: =VLOOKUP(A23,ffbbudgettwofive,10,FALSE) -> 61.18 | AG23: =VLOOKUP(A23,ffbbudgettwofive,11,FALSE) -> 61.18 | AH23: =VLOOKUP(A23,ffbbudgettwofive,12,FALSE) -> 61.18 | AI23: =VLOOKUP(A23,ffbbudgettwofive,13,FALSE) -> 70 | AJ23: =VLOOKUP(A23,ffbbudgettwofive,14,FALSE) -> 87 | AK23: =VLOOKUP(A23,ffbbudgettwofive,15,FALSE) -> 87 | AL23: =VLOOKUP(A23,ffbbudgettwofive,16,FALSE) -> 122 | AM23: =VLOOKUP(A23,ffbbudgettwofive,17,FALSE) -> 96 | AN23: =VLOOKUP(A23,ffbbudgettwofive,18,FALSE) -> 87
A24: 15 | B24: =VLOOKUP(A24,coupe,3,FALSE) -> 2011 | C24: =VLOOKUP(A24,DARSO,2,FALSE) -> 49.3 | D24: =VLOOKUP(A24,year2022to23,311,FALSE) -> 776.89 | E24: =VLOOKUP(A24,year2022to23,249,FALSE) -> 619.76 | F24: =VLOOKUP(A24,coupe,4,FALSE) -> 986 | G24: =VLOOKUP(A24,budget2024,19,FALSE) -> 986 | H24: =D24-F24 -> -209.11 | I24: =E24-G24 -> -366.24 | J24: =D24/F24*100% -> 0.78792089 | K24: =E24/G24*100% -> 0.62855984 | L24: =D24/C24 -> 15.758418 | M24: =E24/C24 -> 12.571197 | AC24: =VLOOKUP(A24,ffbbudgettwofive,7,FALSE) -> 49.3 | AD24: =VLOOKUP(A24,ffbbudgettwofive,8,FALSE) -> 39.44 | AE24: =VLOOKUP(A24,ffbbudgettwofive,9,FALSE) -> 69.02 | AF24: =VLOOKUP(A24,ffbbudgettwofive,10,FALSE) -> 69.02 | AG24: =VLOOKUP(A24,ffbbudgettwofive,11,FALSE) -> 69.02 | AH24: =VLOOKUP(A24,ffbbudgettwofive,12,FALSE) -> 69.02 | AI24: =VLOOKUP(A24,ffbbudgettwofive,13,FALSE) -> 79 | AJ24: =VLOOKUP(A24,ffbbudgettwofive,14,FALSE) -> 99 | AK24: =VLOOKUP(A24,ffbbudgettwofive,15,FALSE) -> 99 | AL24: =VLOOKUP(A24,ffbbudgettwofive,16,FALSE) -> 138 | AM24: =VLOOKUP(A24,ffbbudgettwofive,17,FALSE) -> 108 | AN24: =VLOOKUP(A24,ffbbudgettwofive,18,FALSE) -> 99
A25: 16 | B25: =VLOOKUP(A25,coupe,3,FALSE) -> 2011 | C25: =VLOOKUP(A25,DARSO,2,FALSE) -> 53.2 | D25: =VLOOKUP(A25,year2022to23,311,FALSE) -> 900.68 | E25: =VLOOKUP(A25,year2022to23,249,FALSE) -> 837.23 | F25: =VLOOKUP(A25,coupe,4,FALSE) -> 1064 | G25: =VLOOKUP(A25,budget2024,19,FALSE) -> 1064 | H25: =D25-F25 -> -163.32 | I25: =E25-G25 -> -226.77 | J25: =D25/F25*100% -> 0.84650376 | K25: =E25/G25*100% -> 0.7868703 | L25: =D25/C25 -> 16.930075 | M25: =E25/C25 -> 15.737406 | AC25: =VLOOKUP(A25,ffbbudgettwofive,7,FALSE) -> 53.2 | AD25: =VLOOKUP(A25,ffbbudgettwofive,8,FALSE) -> 42.56 | AE25: =VLOOKUP(A25,ffbbudgettwofive,9,FALSE) -> 74.48 | AF25: =VLOOKUP(A25,ffbbudgettwofive,10,FALSE) -> 74.48 | AG25: =VLOOKUP(A25,ffbbudgettwofive,11,FALSE) -> 74.48 | AH25: =VLOOKUP(A25,ffbbudgettwofive,12,FALSE) -> 74.48 | AI25: =VLOOKUP(A25,ffbbudgettwofive,13,FALSE) -> 85 | AJ25: =VLOOKUP(A25,ffbbudgettwofive,14,FALSE) -> 106 | AK25: =VLOOKUP(A25,ffbbudgettwofive,15,FALSE) -> 106 | AL25: =VLOOKUP(A25,ffbbudgettwofive,16,FALSE) -> 149 | AM25: =VLOOKUP(A25,ffbbudgettwofive,17,FALSE) -> 117 | AN25: =VLOOKUP(A25,ffbbudgettwofive,18,FALSE) -> 106
A26: 17 | B26: =VLOOKUP(A26,coupe,3,FALSE) -> 2011 | C26: =VLOOKUP(A26,DARSO,2,FALSE) -> 45.7 | D26: =VLOOKUP(A26,year2022to23,311,FALSE) -> 797.25 | E26: =VLOOKUP(A26,year2022to23,249,FALSE) -> 814.55 | F26: =VLOOKUP(A26,coupe,4,FALSE) -> 1005 | G26: =VLOOKUP(A26,budget2024,19,FALSE) -> 1005 | H26: =D26-F26 -> -207.75 | I26: =E26-G26 -> -190.45 | J26: =D26/F26*100% -> 0.79328358 | K26: =E26/G26*100% -> 0.81049751 | L26: =D26/C26 -> 17.445295 | M26: =E26/C26 -> 17.823851 | AC26: =VLOOKUP(A26,ffbbudgettwofive,7,FALSE) -> 50.25 | AD26: =VLOOKUP(A26,ffbbudgettwofive,8,FALSE) -> 40.2 | AE26: =VLOOKUP(A26,ffbbudgettwofive,9,FALSE) -> 70.35 | AF26: =VLOOKUP(A26,ffbbudgettwofive,10,FALSE) -> 70.35 | AG26: =VLOOKUP(A26,ffbbudgettwofive,11,FALSE) -> 70.35 | AH26: =VLOOKUP(A26,ffbbudgettwofive,12,FALSE) -> 70.35 | AI26: =VLOOKUP(A26,ffbbudgettwofive,13,FALSE) -> 80 | AJ26: =VLOOKUP(A26,ffbbudgettwofive,14,FALSE) -> 101 | AK26: =VLOOKUP(A26,ffbbudgettwofive,15,FALSE) -> 101 | AL26: =VLOOKUP(A26,ffbbudgettwofive,16,FALSE) -> 141 | AM26: =VLOOKUP(A26,ffbbudgettwofive,17,FALSE) -> 111 | AN26: =VLOOKUP(A26,ffbbudgettwofive,18,FALSE) -> 101
A27: 18 | B27: =VLOOKUP(A27,coupe,3,FALSE) -> 2011 | C27: =VLOOKUP(A27,NURAZANI,2,FALSE) -> 40.8 | D27: =VLOOKUP(A27,year2022to23,311,FALSE) -> 800.71 | E27: =VLOOKUP(A27,year2022to23,249,FALSE) -> 737.08 | F27: =VLOOKUP(A27,coupe,4,FALSE) -> 898 | G27: =VLOOKUP(A27,budget2024,19,FALSE) -> 898 | H27: =D27-F27 -> -97.29 | I27: =E27-G27 -> -160.92 | J27: =D27/F27*100% -> 0.89165924 | K27: =E27/G27*100% -> 0.82080178 | L27: =D27/C27 -> 19.625245 | M27: =E27/C27 -> 18.065686 | AC27: =VLOOKUP(A27,ffbbudgettwofive,7,FALSE) -> 44.9 | AD27: =VLOOKUP(A27,ffbbudgettwofive,8,FALSE) -> 35.92 | AE27: =VLOOKUP(A27,ffbbudgettwofive,9,FALSE) -> 62.86 | AF27: =VLOOKUP(A27,ffbbudgettwofive,10,FALSE) -> 62.86 | AG27: =VLOOKUP(A27,ffbbudgettwofive,11,FALSE) -> 62.86 | AH27: =VLOOKUP(A27,ffbbudgettwofive,12,FALSE) -> 62.86 | AI27: =VLOOKUP(A27,ffbbudgettwofive,13,FALSE) -> 72 | AJ27: =VLOOKUP(A27,ffbbudgettwofive,14,FALSE) -> 90 | AK27: =VLOOKUP(A27,ffbbudgettwofive,15,FALSE) -> 90 | AL27: =VLOOKUP(A27,ffbbudgettwofive,16,FALSE) -> 126 | AM27: =VLOOKUP(A27,ffbbudgettwofive,17,FALSE) -> 99 | AN27: =VLOOKUP(A27,ffbbudgettwofive,18,FALSE) -> 90
B29: =B30 -> 2012 | C29: =SUM(C30:C34) -> 281.9 | D29: =SUM(D30:D34) -> 4872.33 | E29: =SUM(E30:E34) -> 4448.03 | F29: =SUM(F30:F34) -> 5931 | G29: =SUM(G30:G34) -> 5931 | H29: =SUM(H30:H34) -> -1058.67 | I29: =SUM(I30:I34) -> -1482.97 | J29: =D29/F29*100% -> 0.82150228 | K29: =E29/G29*100% -> 0.74996291 | L29: =D29/C29 -> 17.283895 | M29: =E29/C29 -> 15.778751 | AC29: Jan | AD29: Feb | AE29: Mar | AF29: Apr | AG29: May | AH29: Jun | AI29: Jul | AJ29: Aug | AK29: Sep | AL29: Oct | AM29: Nov | AN29: Dec
A30: 19 | B30: =VLOOKUP(A30,coupe,3,FALSE) -> 2012 | C30: =VLOOKUP(A30,DARSO,2,FALSE) -> 50.62 | D30: =VLOOKUP(A30,year2022to23,311,FALSE) -> 866 | E30: =VLOOKUP(A30,year2022to23,249,FALSE) -> 745.81 | F30: =VLOOKUP(A30,coupe,4,FALSE) -> 1063 | G30: =VLOOKUP(A30,budget2024,19,FALSE) -> 1063 | H30: =D30-F30 -> -197 | I30: =E30-G30 -> -317.19 | J30: =D30/F30*100% -> 0.81467545 | K30: =E30/G30*100% -> 0.70160865 | L30: =D30/C30 -> 17.107863 | M30: =E30/C30 -> 14.733505 | AC30: =VLOOKUP(A30,ffbbudgettwofive,7,FALSE) -> 53.15 | AD30: =VLOOKUP(A30,ffbbudgettwofive,8,FALSE) -> 42.52 | AE30: =VLOOKUP(A30,ffbbudgettwofive,9,FALSE) -> 74.41 | AF30: =VLOOKUP(A30,ffbbudgettwofive,10,FALSE) -> 74.41 | AG30: =VLOOKUP(A30,ffbbudgettwofive,11,FALSE) -> 74.41 | AH30: =VLOOKUP(A30,ffbbudgettwofive,12,FALSE) -> 74.41 | AI30: =VLOOKUP(A30,ffbbudgettwofive,13,FALSE) -> 85 | AJ30: =VLOOKUP(A30,ffbbudgettwofive,14,FALSE) -> 106 | AK30: =VLOOKUP(A30,ffbbudgettwofive,15,FALSE) -> 106 | AL30: =VLOOKUP(A30,ffbbudgettwofive,16,FALSE) -> 149 | AM30: =VLOOKUP(A30,ffbbudgettwofive,17,FALSE) -> 117 | AN30: =VLOOKUP(A30,ffbbudgettwofive,18,FALSE) -> 106
A31: 20 | B31: =VLOOKUP(A31,coupe,3,FALSE) -> 2012 | C31: =VLOOKUP(A31,DARSO,2,FALSE) -> 62.08 | D31: =VLOOKUP(A31,year2022to23,311,FALSE) -> 1028.6 | E31: =VLOOKUP(A31,year2022to23,249,FALSE) -> 799.99 | F31: =VLOOKUP(A31,coupe,4,FALSE) -> 1304 | G31: =VLOOKUP(A31,budget2024,19,FALSE) -> 1304 | H31: =D31-F31 -> -275.4 | I31: =E31-G31 -> -504.01 | J31: =D31/F31*100% -> 0.78880368 | K31: =E31/G31*100% -> 0.61348926 | L31: =D31/C31 -> 16.568943 | M31: =E31/C31 -> 12.886437 | AC31: =VLOOKUP(A31,ffbbudgettwofive,7,FALSE) -> 65.2 | AD31: =VLOOKUP(A31,ffbbudgettwofive,8,FALSE) -> 52.16 | AE31: =VLOOKUP(A31,ffbbudgettwofive,9,FALSE) -> 91.28 | AF31: =VLOOKUP(A31,ffbbudgettwofive,10,FALSE) -> 91.28 | AG31: =VLOOKUP(A31,ffbbudgettwofive,11,FALSE) -> 91.28 | AH31: =VLOOKUP(A31,ffbbudgettwofive,12,FALSE) -> 91.28 | AI31: =VLOOKUP(A31,ffbbudgettwofive,13,FALSE) -> 104 | AJ31: =VLOOKUP(A31,ffbbudgettwofive,14,FALSE) -> 130 | AK31: =VLOOKUP(A31,ffbbudgettwofive,15,FALSE) -> 130 | AL31: =VLOOKUP(A31,ffbbudgettwofive,16,FALSE) -> 183 | AM31: =VLOOKUP(A31,ffbbudgettwofive,17,FALSE) -> 143 | AN31: =VLOOKUP(A31,ffbbudgettwofive,18,FALSE) -> 130
A32: 21 | B32: =VLOOKUP(A32,coupe,3,FALSE) -> 2012 | C32: =VLOOKUP(A32,DARSO,2,FALSE) -> 72.2 | D32: =VLOOKUP(A32,year2022to23,311,FALSE) -> 1324.41 | E32: =VLOOKUP(A32,year2022to23,249,FALSE) -> 1304.99 | F32: =VLOOKUP(A32,coupe,4,FALSE) -> 1661 | G32: =VLOOKUP(A32,budget2024,19,FALSE) -> 1661 | H32: =D32-F32 -> -336.59 | I32: =E32-G32 -> -356.01 | J32: =D32/F32*100% -> 0.79735701 | K32: =E32/G32*100% -> 0.78566526 | L32: =D32/C32 -> 18.343629 | M32: =E32/C32 -> 18.074654 | AC32: =VLOOKUP(A32,ffbbudgettwofive,7,FALSE) -> 83.05 | AD32: =VLOOKUP(A32,ffbbudgettwofive,8,FALSE) -> 66.44 | AE32: =VLOOKUP(A32,ffbbudgettwofive,9,FALSE) -> 116.27 | AF32: =VLOOKUP(A32,ffbbudgettwofive,10,FALSE) -> 116.27 | AG32: =VLOOKUP(A32,ffbbudgettwofive,11,FALSE) -> 116.27 | AH32: =VLOOKUP(A32,ffbbudgettwofive,12,FALSE) -> 116.27 | AI32: =VLOOKUP(A32,ffbbudgettwofive,13,FALSE) -> 133 | AJ32: =VLOOKUP(A32,ffbbudgettwofive,14,FALSE) -> 166 | AK32: =VLOOKUP(A32,ffbbudgettwofive,15,FALSE) -> 166 | AL32: =VLOOKUP(A32,ffbbudgettwofive,16,FALSE) -> 232 | AM32: =VLOOKUP(A32,ffbbudgettwofive,17,FALSE) -> 183 | AN32: =VLOOKUP(A32,ffbbudgettwofive,18,FALSE) -> 166
A33: 22 | B33: =VLOOKUP(A33,coupe,3,FALSE) -> 2012 | C33: =VLOOKUP(A33,DARSO,2,FALSE) -> 52.3 | D33: =VLOOKUP(A33,year2022to23,311,FALSE) -> 845.84 | E33: =VLOOKUP(A33,year2022to23,249,FALSE) -> 802.3 | F33: =VLOOKUP(A33,coupe,4,FALSE) -> 1098 | G33: =VLOOKUP(A33,budget2024,19,FALSE) -> 1098 | H33: =D33-F33 -> -252.16 | I33: =E33-G33 -> -295.7 | J33: =D33/F33*100% -> 0.77034608 | K33: =E33/G33*100% -> 0.73069217 | L33: =D33/C33 -> 16.172849 | M33: =E33/C33 -> 15.340344 | AC33: =VLOOKUP(A33,ffbbudgettwofive,7,FALSE) -> 54.9 | AD33: =VLOOKUP(A33,ffbbudgettwofive,8,FALSE) -> 43.92 | AE33: =VLOOKUP(A33,ffbbudgettwofive,9,FALSE) -> 76.86 | AF33: =VLOOKUP(A33,ffbbudgettwofive,10,FALSE) -> 76.86 | AG33: =VLOOKUP(A33,ffbbudgettwofive,11,FALSE) -> 76.86 | AH33: =VLOOKUP(A33,ffbbudgettwofive,12,FALSE) -> 76.86 | AI33: =VLOOKUP(A33,ffbbudgettwofive,13,FALSE) -> 88 | AJ33: =VLOOKUP(A33,ffbbudgettwofive,14,FALSE) -> 110 | AK33: =VLOOKUP(A33,ffbbudgettwofive,15,FALSE) -> 110 | AL33: =VLOOKUP(A33,ffbbudgettwofive,16,FALSE) -> 154 | AM33: =VLOOKUP(A33,ffbbudgettwofive,17,FALSE) -> 121 | AN33: =VLOOKUP(A33,ffbbudgettwofive,18,FALSE) -> 110
A34: 24 | B34: =VLOOKUP(A34,coupe,3,FALSE) -> 2012 | C34: =VLOOKUP(A34,SERAN,2,FALSE) -> 44.7 | D34: =VLOOKUP(A34,year2022to23,311,FALSE) -> 807.48 | E34: =VLOOKUP(A34,year2022to23,249,FALSE) -> 794.94 | F34: =VLOOKUP(A34,coupe,4,FALSE) -> 805 | G34: =VLOOKUP(A34,budget2024,19,FALSE) -> 805 | H34: =D34-F34 -> 2.48 | I34: =E34-G34 -> -10.06 | J34: =D34/F34*100% -> 1.0030807 | K34: =E34/G34*100% -> 0.98750311 | L34: =D34/C34 -> 18.06443 | M34: =E34/C34 -> 17.783893 | AC34: =VLOOKUP(A34,ffbbudgettwofive,7,FALSE) -> 40.25 | AD34: =VLOOKUP(A34,ffbbudgettwofive,8,FALSE) -> 32.2 | AE34: =VLOOKUP(A34,ffbbudgettwofive,9,FALSE) -> 56.35 | AF34: =VLOOKUP(A34,ffbbudgettwofive,10,FALSE) -> 56.35 | AG34: =VLOOKUP(A34,ffbbudgettwofive,11,FALSE) -> 56.35 | AH34: =VLOOKUP(A34,ffbbudgettwofive,12,FALSE) -> 56.35 | AI34: =VLOOKUP(A34,ffbbudgettwofive,13,FALSE) -> 64 | AJ34: =VLOOKUP(A34,ffbbudgettwofive,14,FALSE) -> 81 | AK34: =VLOOKUP(A34,ffbbudgettwofive,15,FALSE) -> 81 | AL34: =VLOOKUP(A34,ffbbudgettwofive,16,FALSE) -> 113 | AM34: =VLOOKUP(A34,ffbbudgettwofive,17,FALSE) -> 89 | AN34: =VLOOKUP(A34,ffbbudgettwofive,18,FALSE) -> 81
B36: =B37 -> 2015 | C36: =SUM(C37:C43) -> 174.89 | D36: =SUM(D37:D43) -> 1688.28 | E36: =SUM(E37:E43) -> 745.163 | F36: =SUM(F37:F43) -> 843 | G36: =SUM(G37:G43) -> 521 | H36: =SUM(H37:H43) -> 845.28 | I36: =SUM(I37:I43) -> 224.163 | J36: =D36/F36*100% -> 2.0027046 | K36: =E36/G36*100% -> 1.4302553 | L36: =D36/C36 -> 9.6533821 | M36: =E36/C36 -> 4.2607525 | AC36: Jan | AD36: Feb | AE36: Mar | AF36: Apr | AG36: May | AH36: Jun | AI36: Jul | AJ36: Aug | AK36: Sep | AL36: Oct | AM36: Nov | AN36: Dec
A37: 25 | B37: =VLOOKUP(A37,coupe,3,FALSE) -> 2015 | C37: =VLOOKUP(A37,WENDERLINUS,2,FALSE) -> 38.22 | D37: =VLOOKUP(A37,year2022to23,311,FALSE) -> 330.31 | E37: =VLOOKUP(A37,year2022to23,249,FALSE) -> 109.91 | F37: =VLOOKUP(A37,coupe,4,FALSE) -> 134 | G37: =VLOOKUP(A37,budget2024,19,FALSE) -> 76 | H37: =D37-F37 -> 196.31 | I37: =E37-G37 -> 33.91 | J37: =D37/F37*100% -> 2.465 | K37: =E37/G37*100% -> 1.4461842 | L37: =D37/C37 -> 8.6423339 | M37: =E37/C37 -> 2.8757195 | AC37: =VLOOKUP(A37,ffbbudgettwofive,7,FALSE) -> 6.7 | AD37: =VLOOKUP(A37,ffbbudgettwofive,8,FALSE) -> 5.36 | AE37: =VLOOKUP(A37,ffbbudgettwofive,9,FALSE) -> 9.38 | AF37: =VLOOKUP(A37,ffbbudgettwofive,10,FALSE) -> 9.38 | AG37: =VLOOKUP(A37,ffbbudgettwofive,11,FALSE) -> 9.38 | AH37: =VLOOKUP(A37,ffbbudgettwofive,12,FALSE) -> 9.38 | AI37: =VLOOKUP(A37,ffbbudgettwofive,13,FALSE) -> 11 | AJ37: =VLOOKUP(A37,ffbbudgettwofive,14,FALSE) -> 13 | AK37: =VLOOKUP(A37,ffbbudgettwofive,15,FALSE) -> 13 | AL37: =VLOOKUP(A37,ffbbudgettwofive,16,FALSE) -> 19 | AM37: =VLOOKUP(A37,ffbbudgettwofive,17,FALSE) -> 15 | AN37: =VLOOKUP(A37,ffbbudgettwofive,18,FALSE) -> 13
A38: 26A | B38: =VLOOKUP(A38,coupe,3,FALSE) -> 2015 | C38: =VLOOKUP(A38,WENDERLINUS,2,FALSE) -> 22.72 | D38: =VLOOKUP(A38,year2022to23,311,FALSE) -> 281.24 | E38: =VLOOKUP(A38,year2022to23,249,FALSE) -> 164.86 | F38: =VLOOKUP(A38,coupe,4,FALSE) -> 108 | G38: =VLOOKUP(A38,budget2024,19,FALSE) -> 91 | H38: =D38-F38 -> 173.24 | I38: =E38-G38 -> 73.86 | J38: =D38/F38*100% -> 2.6040741 | K38: =E38/G38*100% -> 1.8116484 | L38: =D38/C38 -> 12.378521 | M38: =E38/C38 -> 7.256162 | AC38: =VLOOKUP(A38,ffbbudgettwofive,7,FALSE) -> 5.4 | AD38: =VLOOKUP(A38,ffbbudgettwofive,8,FALSE) -> 4.32 | AE38: =VLOOKUP(A38,ffbbudgettwofive,9,FALSE) -> 7.56 | AF38: =VLOOKUP(A38,ffbbudgettwofive,10,FALSE) -> 7.56 | AG38: =VLOOKUP(A38,ffbbudgettwofive,11,FALSE) -> 7.56 | AH38: =VLOOKUP(A38,ffbbudgettwofive,12,FALSE) -> 7.56 | AI38: =VLOOKUP(A38,ffbbudgettwofive,13,FALSE) -> 9 | AJ38: =VLOOKUP(A38,ffbbudgettwofive,14,FALSE) -> 11 | AK38: =VLOOKUP(A38,ffbbudgettwofive,15,FALSE) -> 11 | AL38: =VLOOKUP(A38,ffbbudgettwofive,16,FALSE) -> 15 | AM38: =VLOOKUP(A38,ffbbudgettwofive,17,FALSE) -> 12 | AN38: =VLOOKUP(A38,ffbbudgettwofive,18,FALSE) -> 11
A39: 27 | B39: =VLOOKUP(A39,coupe,3,FALSE) -> 2015 | C39: =VLOOKUP(A39,WENDERLINUS,2,FALSE) -> 18.64 | D39: =VLOOKUP(A39,year2022to23,311,FALSE) -> 191.64 | E39: =VLOOKUP(A39,year2022to23,249,FALSE) -> 109.13 | F39: =VLOOKUP(A39,coupe,4,FALSE) -> 86 | G39: =VLOOKUP(A39,budget2024,19,FALSE) -> 75 | H39: =D39-F39 -> 105.64 | I39: =E39-G39 -> 34.13 | J39: =D39/F39*100% -> 2.2283721 | K39: =E39/G39*100% -> 1.4550667 | L39: =D39/C39 -> 10.281116 | M39: =E39/C39 -> 5.8546137 | AC39: =VLOOKUP(A39,ffbbudgettwofive,7,FALSE) -> 4.3 | AD39: =VLOOKUP(A39,ffbbudgettwofive,8,FALSE) -> 3.44 | AE39: =VLOOKUP(A39,ffbbudgettwofive,9,FALSE) -> 6.02 | AF39: =VLOOKUP(A39,ffbbudgettwofive,10,FALSE) -> 6.02 | AG39: =VLOOKUP(A39,ffbbudgettwofive,11,FALSE) -> 6.02 | AH39: =VLOOKUP(A39,ffbbudgettwofive,12,FALSE) -> 6.02 | AI39: =VLOOKUP(A39,ffbbudgettwofive,13,FALSE) -> 7 | AJ39: =VLOOKUP(A39,ffbbudgettwofive,14,FALSE) -> 9 | AK39: =VLOOKUP(A39,ffbbudgettwofive,15,FALSE) -> 9 | AL39: =VLOOKUP(A39,ffbbudgettwofive,16,FALSE) -> 12 | AM39: =VLOOKUP(A39,ffbbudgettwofive,17,FALSE) -> 9 | AN39: =VLOOKUP(A39,ffbbudgettwofive,18,FALSE) -> 9
A40: 28 | B40: =VLOOKUP(A40,coupe,3,FALSE) -> 2015 | C40: =VLOOKUP(A40,WENDERLINUS,2,FALSE) -> 25.5 | D40: =VLOOKUP(A40,year2022to23,311,FALSE) -> 331.57 | E40: =VLOOKUP(A40,year2022to23,249,FALSE) -> 249.43 | F40: =VLOOKUP(A40,coupe,4,FALSE) -> 256 | G40: =VLOOKUP(A40,budget2024,19,FALSE) -> 128 | H40: =D40-F40 -> 75.57 | I40: =E40-G40 -> 121.43 | J40: =D40/F40*100% -> 1.2951953 | K40: =E40/G40*100% -> 1.9486719 | L40: =D40/C40 -> 13.002745 | M40: =E40/C40 -> 9.7815686 | AC40: =VLOOKUP(A40,ffbbudgettwofive,7,FALSE) -> 12.8 | AD40: =VLOOKUP(A40,ffbbudgettwofive,8,FALSE) -> 10.24 | AE40: =VLOOKUP(A40,ffbbudgettwofive,9,FALSE) -> 17.92 | AF40: =VLOOKUP(A40,ffbbudgettwofive,10,FALSE) -> 17.92 | AG40: =VLOOKUP(A40,ffbbudgettwofive,11,FALSE) -> 17.92 | AH40: =VLOOKUP(A40,ffbbudgettwofive,12,FALSE) -> 17.92 | AI40: =VLOOKUP(A40,ffbbudgettwofive,13,FALSE) -> 21 | AJ40: =VLOOKUP(A40,ffbbudgettwofive,14,FALSE) -> 26 | AK40: =VLOOKUP(A40,ffbbudgettwofive,15,FALSE) -> 26 | AL40: =VLOOKUP(A40,ffbbudgettwofive,16,FALSE) -> 36 | AM40: =VLOOKUP(A40,ffbbudgettwofive,17,FALSE) -> 28 | AN40: =VLOOKUP(A40,ffbbudgettwofive,18,FALSE) -> 26
A41: 29 | B41: =VLOOKUP(A41,coupe,3,FALSE) -> 2015 | C41: =VLOOKUP(A41,ERDI,2,FALSE) -> 11.38 | D41: =VLOOKUP(A41,year2022to23,311,FALSE) -> 97.54 | E41: =VLOOKUP(A41,year2022to23,249,FALSE) -> 16.62 | F41: =VLOOKUP(A41,coupe,4,FALSE) -> 69 | G41: =VLOOKUP(A41,budget2024,19,FALSE) -> 34 | H41: =D41-F41 -> 28.54 | I41: =E41-G41 -> -17.38 | J41: =D41/F41*100% -> 1.4136232 | K41: =E41/G41*100% -> 0.48882353 | L41: =D41/C41 -> 8.5711775 | M41: =E41/C41 -> 1.4604569 | AC41: =VLOOKUP(A41,ffbbudgettwofive,7,FALSE) -> 3.45 | AD41: =VLOOKUP(A41,ffbbudgettwofive,8,FALSE) -> 2.76 | AE41: =VLOOKUP(A41,ffbbudgettwofive,9,FALSE) -> 4.83 | AF41: =VLOOKUP(A41,ffbbudgettwofive,10,FALSE) -> 4.83 | AG41: =VLOOKUP(A41,ffbbudgettwofive,11,FALSE) -> 4.83 | AH41: =VLOOKUP(A41,ffbbudgettwofive,12,FALSE) -> 4.83 | AI41: =VLOOKUP(A41,ffbbudgettwofive,13,FALSE) -> 6 | AJ41: =VLOOKUP(A41,ffbbudgettwofive,14,FALSE) -> 7 | AK41: =VLOOKUP(A41,ffbbudgettwofive,15,FALSE) -> 7 | AL41: =VLOOKUP(A41,ffbbudgettwofive,16,FALSE) -> 10 | AM41: =VLOOKUP(A41,ffbbudgettwofive,17,FALSE) -> 8 | AN41: =VLOOKUP(A41,ffbbudgettwofive,18,FALSE) -> 7
A42: 30 | B42: =VLOOKUP(A42,coupe,3,FALSE) -> 2015 | C42: =VLOOKUP(A42,WENDERLINUS,2,FALSE) -> 24.35 | D42: =VLOOKUP(A42,year2022to23,311,FALSE) -> 222.79 | E42: =VLOOKUP(A42,year2022to23,249,FALSE) -> 43.88 | F42: =VLOOKUP(A42,coupe,4,FALSE) -> 74 | G42: =VLOOKUP(A42,budget2024,19,FALSE) -> 49 | H42: =D42-F42 -> 148.79 | I42: =E42-G42 -> -5.12 | J42: =D42/F42*100% -> 3.0106757 | K42: =E42/G42*100% -> 0.8955102 | L42: =D42/C42 -> 9.1494867 | M42: =E42/C42 -> 1.8020534 | AC42: =VLOOKUP(A42,ffbbudgettwofive,7,FALSE) -> 3.7 | AD42: =VLOOKUP(A42,ffbbudgettwofive,8,FALSE) -> 2.96 | AE42: =VLOOKUP(A42,ffbbudgettwofive,9,FALSE) -> 5.18 | AF42: =VLOOKUP(A42,ffbbudgettwofive,10,FALSE) -> 5.18 | AG42: =VLOOKUP(A42,ffbbudgettwofive,11,FALSE) -> 5.18 | AH42: =VLOOKUP(A42,ffbbudgettwofive,12,FALSE) -> 5.18 | AI42: =VLOOKUP(A42,ffbbudgettwofive,13,FALSE) -> 6 | AJ42: =VLOOKUP(A42,ffbbudgettwofive,14,FALSE) -> 7 | AK42: =VLOOKUP(A42,ffbbudgettwofive,15,FALSE) -> 7 | AL42: =VLOOKUP(A42,ffbbudgettwofive,16,FALSE) -> 10 | AM42: =VLOOKUP(A42,ffbbudgettwofive,17,FALSE) -> 8 | AN42: =VLOOKUP(A42,ffbbudgettwofive,18,FALSE) -> 7
A43: 31 | B43: =VLOOKUP(A43,coupe,3,FALSE) -> 2015 | C43: =VLOOKUP(A43,WENDERLINUS,2,FALSE) -> 34.08 | D43: =VLOOKUP(A43,year2022to23,311,FALSE) -> 233.19 | E43: =VLOOKUP(A43,year2022to23,249,FALSE) -> 51.333 | F43: =VLOOKUP(A43,coupe,4,FALSE) -> 116 | G43: =VLOOKUP(A43,budget2024,19,FALSE) -> 68 | H43: =D43-F43 -> 117.19 | I43: =E43-G43 -> -16.667 | J43: =D43/F43*100% -> 2.0102586 | K43: =E43/G43*100% -> 0.75489706 | L43: =D43/C43 -> 6.8424296 | M43: =E43/C43 -> 1.50625 | AC43: =VLOOKUP(A43,ffbbudgettwofive,7,FALSE) -> 5.8 | AD43: =VLOOKUP(A43,ffbbudgettwofive,8,FALSE) -> 4.64 | AE43: =VLOOKUP(A43,ffbbudgettwofive,9,FALSE) -> 8.12 | AF43: =VLOOKUP(A43,ffbbudgettwofive,10,FALSE) -> 8.12 | AG43: =VLOOKUP(A43,ffbbudgettwofive,11,FALSE) -> 8.12 | AH43: =VLOOKUP(A43,ffbbudgettwofive,12,FALSE) -> 8.12 | AI43: =VLOOKUP(A43,ffbbudgettwofive,13,FALSE) -> 9 | AJ43: =VLOOKUP(A43,ffbbudgettwofive,14,FALSE) -> 12 | AK43: =VLOOKUP(A43,ffbbudgettwofive,15,FALSE) -> 12 | AL43: =VLOOKUP(A43,ffbbudgettwofive,16,FALSE) -> 16 | AM43: =VLOOKUP(A43,ffbbudgettwofive,17,FALSE) -> 13 | AN43: =VLOOKUP(A43,ffbbudgettwofive,18,FALSE) -> 12
B45: =B46 -> 2016 | C45: =SUM(C46:C47) -> 33.22 | D45: =SUM(D46:D47) -> 517.73 | E45: =SUM(E46:E47) -> 389.44 | F45: =SUM(F46:F47) -> 458 | G45: =SUM(G46:G47) -> 269 | H45: =SUM(H46:H47) -> 59.73 | I45: =SUM(I46:I47) -> 120.44 | J45: =D45/F45*100% -> 1.1304148 | K45: =E45/G45*100% -> 1.4477323 | L45: =D45/C45 -> 15.584889 | M45: =E45/C45 -> 11.723058 | AC45: Jan | AD45: Feb | AE45: Mar | AF45: Apr | AG45: May | AH45: Jun | AI45: Jul | AJ45: Aug | AK45: Sep | AL45: Oct | AM45: Nov | AN45: Dec
A46: 33 | B46: =VLOOKUP(A46,coupe,3,FALSE) -> 2016 | C46: =VLOOKUP(A46,WENDERLINUS,2,FALSE) -> 28.72 | D46: =VLOOKUP(A46,year2022to23,311,FALSE) -> 478.1 | E46: =VLOOKUP(A46,year2022to23,249,FALSE) -> 359.2 | F46: =VLOOKUP(A46,coupe,4,FALSE) -> 431 | G46: =VLOOKUP(A46,budget2024,19,FALSE) -> 258 | H46: =D46-F46 -> 47.1 | I46: =E46-G46 -> 101.2 | J46: =D46/F46*100% -> 1.1092807 | K46: =E46/G46*100% -> 1.3922481 | L46: =D46/C46 -> 16.646936 | M46: =E46/C46 -> 12.506964 | AC46: =VLOOKUP(A46,ffbbudgettwofive,7,FALSE) -> 21.55 | AD46: =VLOOKUP(A46,ffbbudgettwofive,8,FALSE) -> 17.24 | AE46: =VLOOKUP(A46,ffbbudgettwofive,9,FALSE) -> 30.17 | AF46: =VLOOKUP(A46,ffbbudgettwofive,10,FALSE) -> 30.17 | AG46: =VLOOKUP(A46,ffbbudgettwofive,11,FALSE) -> 30.17 | AH46: =VLOOKUP(A46,ffbbudgettwofive,12,FALSE) -> 30.17 | AI46: =VLOOKUP(A46,ffbbudgettwofive,13,FALSE) -> 34 | AJ46: =VLOOKUP(A46,ffbbudgettwofive,14,FALSE) -> 43 | AK46: =VLOOKUP(A46,ffbbudgettwofive,15,FALSE) -> 43 | AL46: =VLOOKUP(A46,ffbbudgettwofive,16,FALSE) -> 60 | AM46: =VLOOKUP(A46,ffbbudgettwofive,17,FALSE) -> 47 | AN46: =VLOOKUP(A46,ffbbudgettwofive,18,FALSE) -> 43
A47: 39 | B47: =VLOOKUP(A47,coupe,3,FALSE) -> 2016 | C47: =VLOOKUP(A47,WENDERLINUS,2,FALSE) -> 4.5 | D47: =VLOOKUP(A47,year2022to23,311,FALSE) -> 39.63 | E47: =VLOOKUP(A47,year2022to23,249,FALSE) -> 30.24 | F47: =VLOOKUP(A47,coupe,4,FALSE) -> 27 | G47: =VLOOKUP(A47,budget2024,19,FALSE) -> 11 | H47: =D47-F47 -> 12.63 | I47: =E47-G47 -> 19.24 | J47: =D47/F47*100% -> 1.4677778 | K47: =E47/G47*100% -> 2.7490909 | L47: =D47/C47 -> 8.8066667 | M47: =E47/C47 -> 6.72 | AC47: =VLOOKUP(A47,ffbbudgettwofive,7,FALSE) -> 0.35 | AD47: =VLOOKUP(A47,ffbbudgettwofive,8,FALSE) -> 0.08 | AE47: =VLOOKUP(A47,ffbbudgettwofive,9,FALSE) -> 1.89 | AF47: =VLOOKUP(A47,ffbbudgettwofive,10,FALSE) -> 1.89 | AG47: =VLOOKUP(A47,ffbbudgettwofive,11,FALSE) -> 1.89 | AH47: =VLOOKUP(A47,ffbbudgettwofive,12,FALSE) -> 1.89 | AI47: =VLOOKUP(A47,ffbbudgettwofive,13,FALSE) -> 2 | AJ47: =VLOOKUP(A47,ffbbudgettwofive,14,FALSE) -> 3 | AK47: =VLOOKUP(A47,ffbbudgettwofive,15,FALSE) -> 3 | AL47: =VLOOKUP(A47,ffbbudgettwofive,16,FALSE) -> 4 | AM47: =VLOOKUP(A47,ffbbudgettwofive,17,FALSE) -> 3 | AN47: =VLOOKUP(A47,ffbbudgettwofive,18,FALSE) -> 3
B49: All Blocks | C49: =C6+C20+C29+C36+C45 -> 1416.51 | D49: =D6+D20+D29+D36+D45 -> 21660.14 | E49: =E6+E20+E29+E36+E45 -> 19489.853 | F49: =F6+F20+F29+F36+F45 -> 25903 | G49: =G6+G20+G29+G36+G45 -> 25496 | H49: =H6+H20+H29+H36+H45 -> -4242.86 | I49: =I6+I20+I29+I36+I45 -> -6006.147 | J49: =D49/F49*100% -> 0.83620198 | K49: =E49/G49*100% -> 0.76442787 | L49: =D49/C49 -> 15.291202 | M49: =E49/C49 -> 13.759065
A52: year 2024
A53: *block 105, 0.15ton not included in YTD
A54: *block 114, 0.15ton not included in YTD

Sheet OVERALL
A1: ='HARVESTING ROUND'!A1 -> HARVESTER PERFORMANCE CHART FOR THE MONTH OF DEC 2025 (1ST - 31ST)
A2: OVERALL PERFORMANCE
A3: Block | B3: HA per Block | C3: Budget 2025 | D3: 1st Round | E3: 2nd Round | F3: 3rd Round | G3: Total
A4: All Blocks | B4: ='HARVESTING ROUND'!D36 -> 1416.51 | C4: ='FFB Budget 2025'!T59 -> 2591 | D4: ='HARVESTING ROUND'!F36 -> 1311.06 | E4: ='HARVESTING ROUND'!G36 -> 659.65 | F4: ='HARVESTING ROUND'!H36 -> 0 | G4: =SUM(D4:F4) -> 1970.71
E55: Sept-25 vs Aug-25 Diff. (%) | H55: Sept-25 vs Aug-25 Diff. (%)
E105: Sept-25 vs Sept-24 Diff. (%) | H105: Sept-25 vs Sept-24 Diff. (%)

Sheet OVERALL BY GANG
A1: ='HARVESTING ROUND'!A1 -> HARVESTER PERFORMANCE CHART FOR THE MONTH OF DEC 2025 (1ST - 31ST) | P1: ='HARVESTING ROUND'!H1 -> HARVESTER PERFORMANCE CHART FOR THE MONTH OF SEPT 2024 (1ST - 30TH)
A2: OVERALL PERFORMANCE - BY HARVESTER GANG
A3: Gang | B3: Total HA | C3: Budget 2025 | D3: 1st Round | E3: 2nd Round | F3: 3rd Round | G3: Total | I3: Total Manpower | J3: Total on Long Leave | K3: Manday | L3: MT / Manday | M3: HA per person | N3: MT per person | O3: Ratio HA to MT per person | Q3: 1st Round | R3: 2nd Round | S3: 3rd Round | T3: Total
A4: YUVENTUS UN GANG | B4: ='YUVENTUS UN GANG'!B10 -> 164 | C4: ='YUVENTUS UN GANG'!C10 -> 331 | D4: ='YUVENTUS UN GANG'!D10 -> 106.52 | E4: ='YUVENTUS UN GANG'!E10 -> 125.98 | F4: ='YUVENTUS UN GANG'!F10 -> 0 | G4: =SUM(D4:F4) -> 232.5 | I4: ='YUVENTUS UN GANG'!$D$3 -> 9 | J4: ='YUVENTUS UN GANG'!$D$4 -> 0 | K4: ='YUVENTUS UN GANG'!I10 -> 210 | L4: =G4/K4 -> 1.1071429 | M4: ='YUVENTUS UN GANG'!$J$17 -> 18.222222 | N4: ='YUVENTUS UN GANG'!$J$13 -> 25.833333 | O4: ='YUVENTUS UN GANG'!J21 -> 1:1.42 | Q4: ='YUVENTUS UN GANG'!AR10 -> 82 | R4: ='YUVENTUS UN GANG'!AS10 -> 113.28 | S4: ='YUVENTUS UN GANG'!AT10 -> 34.22 | T4: =SUM(Q4:S4) -> 229.5
A5: DARSO GANG | B5: ='DARSO GANG'!B14 -> 385.4 | C5: ='DARSO GANG'!C14 -> 818 | D5: ='DARSO GANG'!D14 -> 473.61 | E5: ='DARSO GANG'!E14 -> 218.56 | F5: ='DARSO GANG'!F14 -> 0 | G5: =SUM(D5:F5) -> 692.17 | I5: ='DARSO GANG'!D3 -> 17 | J5: ='DARSO GANG'!D4 -> 3 | K5: ='DARSO GANG'!I14 -> 364 | L5: =G5/K5 -> 1.9015659 | M5: ='DARSO GANG'!J21 -> 27.528571 | N5: ='DARSO GANG'!J17 -> 49.440714 | O5: ='DARSO GANG'!J25 -> 1:1.8 | Q5: ='DARSO GANG'!AR14 -> 615.52 | R5: ='DARSO GANG'!AS14 -> 191.69 | S5: ='DARSO GANG'!AT14 -> 0 | T5: =SUM(Q5:S5) -> 807.21
A6: ERDI GANG - to be taken by YUDI | B6: ='YUDI GANG'!B10 -> 116.28 | C6: ='YUDI GANG'!C10 -> 213 | D6: ='YUDI GANG'!D10 -> 94.47 | E6: ='YUDI GANG'!E10 -> 10.38 | F6: ='YUDI GANG'!F10 -> 0 | G6: =SUM(D6:F6) -> 104.85 | I6: ='YUDI GANG'!D3 -> 5 | J6: ='YUDI GANG'!D4 -> 0 | K6: ='YUDI GANG'!I10 -> 128 | L6: =G6/K6 -> 0.81914062 | M6: ='YUDI GANG'!J17 -> 23.256 | N6: ='YUDI GANG'!J13 -> 20.97 | O6: ='YUDI GANG'!J21 -> 1:0.9 | Q6: ='YUDI GANG'!AR10 -> 124.74 | R6: ='YUDI GANG'!AS10 -> 49.45 | S6: ='YUDI GANG'!AT10 -> 0 | T6: =SUM(Q6:S6) -> 174.19
A7: SOFIO MODENTUS MISSA GANG - previously SERAN | B7: ='SOFIO GANG'!B13 -> 262.5 | C7: ='SOFIO GANG'!C13 -> 511 | D7: ='SOFIO GANG'!D13 -> 267.13 | E7: ='SOFIO GANG'!E13 -> 97 | F7: ='SOFIO GANG'!F13 -> 0 | G7: =SUM(D7:F7) -> 364.13 | I7: ='SOFIO GANG'!D3 -> 12 | J7: ='SOFIO GANG'!D4 -> 0 | K7: ='SOFIO GANG'!I13 -> 258 | L7: =G7/K7 -> 1.4113566 | M7: ='SOFIO GANG'!J20 -> 21.875 | N7: ='SOFIO GANG'!J16 -> 30.344167 | O7: ='SOFIO GANG'!J24 -> 1:1.39 | Q7: ='SOFIO GANG'!AR13 -> 420.96 | R7: ='SOFIO GANG'!AS13 -> 95.17 | S7: ='SOFIO GANG'!AT13 -> 0 | T7: =SUM(Q7:S7) -> 516.13
A8: NU AZANI GANG | B8: ='NU AZANI GANG'!B13 -> 291.6 | C8: ='NU AZANI GANG'!C13 -> 594 | D8: ='NU AZANI GANG'!D13 -> 259.99 | E8: ='NU AZANI GANG'!E13 -> 145.63 | F8: ='NU AZANI GANG'!F13 -> 0 | G8: =SUM(D8:F8) -> 405.62 | I8: ='NU AZANI GANG'!D3 -> 9 | J8: ='NU AZANI GANG'!D4 -> 0 | K8: ='NU AZANI GANG'!I13 -> 221 | L8: =G8/K8 -> 1.8353846 | M8: ='NU AZANI GANG'!J20 -> 32.4 | N8: ='NU AZANI GANG'!J16 -> 45.068889 | O8: ='NU AZANI GANG'!J24 -> 1:1.39 | Q8: ='NU AZANI GANG'!AR13 -> 305.93 | R8: ='NU AZANI GANG'!AS13 -> 180.23 | S8: ='NU AZANI GANG'!AT13 -> 0 | T8: =SUM(Q8:S8) -> 486.16
A9: WENDERLINUS GANG | B9: ='WENDERLINUS GANG '!B15 -> 196.73 | C9: ='WENDERLINUS GANG '!C15 -> 124 | D9: ='WENDERLINUS GANG '!D15 -> 109.34 | E9: ='WENDERLINUS GANG '!E15 -> 62.1 | F9: ='WENDERLINUS GANG '!F15 -> 0 | G9: =SUM(D9:F9) -> 171.44 | I9: ='WENDERLINUS GANG '!D3 -> 7 | J9: ='WENDERLINUS GANG '!D4 -> 0 | K9: ='WENDERLINUS GANG '!I15 -> 154 | L9: =G9/K9 -> 1.1132468 | M9: ='WENDERLINUS GANG '!J22 -> 28.104286 | N9: ='WENDERLINUS GANG '!J18 -> 24.491429 | O9: ='WENDERLINUS GANG '!J26 -> 1:0.87 | Q9: ='WENDERLINUS GANG '!AR15 -> 64.53 | R9: ='WENDERLINUS GANG '!AS15 -> 64.06 | S9: ='WENDERLINUS GANG '!AT15 -> 0 | T9: =SUM(Q9:S9) -> 128.59
A10: All Blocks | B10: =SUM(B4:B9) -> 1416.51 | C10: =SUM(C4:C9) -> 2591 | D10: =SUM(D4:D9) -> 1311.06 | E10: =SUM(E4:E9) -> 659.65 | F10: =SUM(F4:F9) -> 0 | G10: =SUM(G4:G9) -> 1970.71 | I10: =SUM(I4:I9) -> 59 | J10: =SUM(J4:J9) -> 3 | K10: =SUM(K4:K9) -> 1335 | L10: =G10/K10 -> 1.4761873 | M10: =B10/(I10-J10) -> 25.294821 | N10: =G10/(I10-J10) -> 35.19125 | O10: =B10/B10&":"&ROUND(G10/B10,2) -> 1:1.39 | Q10: =SUM(Q4:Q9) -> 1613.68 | R10: =SUM(R4:R9) -> 693.88 | S10: =SUM(S4:S9) -> 34.22 | T10: =SUM(T4:T9) -> 2341.78
T17: YUVENTUS UN GANG
T18: DARSO GANG
T19: ERDI GANG - to be taken by YUDI
T20: SOFIO MODENTUS MISSA GANG - previously SERAN
T21: NU AZANI GANG
T22: WENDERLINUS GANG
E55: Sept-25 vs Aug-25 Diff. (%) | H55: Sept-25 vs Aug-25 Diff. (%)
E105: Sept-25 vs Sept-24 Diff. (%) | H105: Sept-25 vs Sept-24 Diff. (%)

Sheet YUVENTUS UN GANG
A1: ='HARVESTING ROUND'!A1 -> HARVESTER PERFORMANCE CHART FOR THE MONTH OF DEC 2025 (1ST - 31ST) | K1: ='HARVESTING ROUND'!H1 -> HARVESTER PERFORMANCE CHART FOR THE MONTH OF SEPT 2024 (1ST - 30TH)
A2: HARVESTER TEAM: YUVENTUS UN GANG
A3: TOTAL MANPOWER: | D3: 9
A4: TOTAL ON LONG LEAVE: | D4: 0
L5: 45292 | P5: 45323 | T5: 45352 | X5: 45383 | AB5: 45413 | AF5: 45444 | AJ5: 45474 | AN5: 45505 | AR5: 45536 | AV5: 45566 | AZ5: 45597 | BD5: 45627
A6: Block | B6: HA per Block | C6: Budget 2025 | D6: 1st Round | E6: 2nd Round | F6: 3rd Round | G6: Total | I6: Manday | J6: MT / Manday | L6: 1st Round | M6: 2nd Round | N6: 3rd Round | O6: Total | P6: 1st Round | Q6: 2nd Round | R6: 3rd Round | S6: Total | T6: 1st Round | U6: 2nd Round | V6: 3rd Round | W6: Total | X6: 1st Round | Y6: 2nd Round | Z6: 3rd Round | AA6: Total | AB6: 1st Round | AC6: 2nd Round | AD6: 3rd Round | AE6: Total | AF6: 1st Round | AG6: 2nd Round | AH6: 3rd Round | AI6: Total | AJ6: 1st Round | AK6: 2nd Round | AL6: 3rd Round | AM6: Total | AN6: 1st Round | AO6: 2nd Round | AP6: 3rd Round | AQ6: Total | AR6: 1st Round | AS6: 2nd Round | AT6: 3rd Round | AU6: Total | AV6: 1st Round | AW6: 2nd Round | AX6: 3rd Round | AY6: Total | AZ6: 1st Round | BA6: 2nd Round | BB6: 3rd Round | BC6: Total | BD6: 1st Round | BE6: 2nd Round | BF6: 3rd Round | BG6: Total
A7: 1 | B7: 53.2 | C7: =VLOOKUP(A7,ffbbudgettwofive,18,FALSE) -> 106 | D7: =VLOOKUP(A7,harvestinground,5,FALSE) -> 45.47 | E7: =VLOOKUP(A7,harvestinground,6,FALSE) -> 61.18 | F7: =VLOOKUP(A7,harvestinground,7,FALSE) -> 0 | G7: =SUM(D7:F7) -> 106.65 | I7: =VLOOKUP(A7,manday,34,FALSE) -> 98 | J7: =G7/I7 -> 1.0882653 | L7: =VLOOKUP(A7,year2022to23,188,FALSE) -> 9.77 | M7: =VLOOKUP(A7,year2022to23,189,FALSE) -> 27.17 | N7: =VLOOKUP(A7,year2022to23,190,FALSE) -> 0 | O7: =SUM(L7:N7) -> 36.94 | P7: =VLOOKUP(A7,year2022to23,193,FALSE) -> 15.36 | Q7: =VLOOKUP(A7,year2022to23,194,FALSE) -> 24.08 | R7: =VLOOKUP(A7,year2022to23,195,FALSE) -> 0 | S7: =SUM(P7:R7) -> 39.44 | T7: =VLOOKUP(A7,year2022to23,198,FALSE) -> 15.14 | U7: =VLOOKUP(A7,year2022to23,199,FALSE) -> 7.87 | V7: =VLOOKUP(A7,year2022to23,200,FALSE) -> 4.54 | W7: =SUM(T7:V7) -> 27.55 | X7: =VLOOKUP(A7,year2022to23,203,FALSE) -> 20.25 | Y7: =VLOOKUP(A7,year2022to23,204,FALSE) -> 13.88 | Z7: =VLOOKUP(A7,year2022to23,205,FALSE) -> 0 | AA7: =SUM(X7:Z7) -> 34.13 | AB7: =VLOOKUP(A7,year2022to23,208,FALSE) -> 45.97 | AC7: =VLOOKUP(A7,year2022to23,209,FALSE) -> 12.94 | AD7: =VLOOKUP(A7,year2022to23,210,FALSE) -> 0 | AE7: =SUM(AB7:AD7) -> 58.91 | AF7: =VLOOKUP(A7,year2022to23,213,FALSE) -> 40.75 | AG7: =VLOOKUP(A7,year2022to23,214,FALSE) -> 13.29 | AH7: =VLOOKUP(A7,year2022to23,215,FALSE) -> 0 | AI7: =SUM(AF7:AH7) -> 54.04 | AJ7: =VLOOKUP(A7,year2022to23,218,FALSE) -> 28.57 | AK7: =VLOOKUP(A7,year2022to23,219,FALSE) -> 16.23 | AL7: =VLOOKUP(A7,year2022to23,220,FALSE) -> 0 | AM7: =SUM(AJ7:AL7) -> 44.8 | AN7: =VLOOKUP(A7,year2022to23,223,FALSE) -> 33.31 | AO7: =VLOOKUP(A7,year2022to23,224,FALSE) -> 32.63 | AP7: =VLOOKUP(A7,year2022to23,225,FALSE) -> 0 | AQ7: =SUM(AN7:AP7) -> 65.94 | AR7: =VLOOKUP(A7,year2022to23,228,FALSE) -> 24.71 | AS7: =VLOOKUP(A7,year2022to23,229,FALSE) -> 26.41 | AT7: =VLOOKUP(A7,year2022to23,230,FALSE) -> 0 | AU7: =SUM(AR7:AT7) -> 51.12 | AV7: =VLOOKUP(A7,year2022to23,233,FALSE) -> 68.66 | AW7: =VLOOKUP(A7,year2022to23,234,FALSE) -> 39.69 | AX7: =VLOOKUP(A7,year2022to23,235,FALSE) -> 0 | AY7: =SUM(AV7:AX7) -> 108.35 | AZ7: =VLOOKUP(A7,year2022to23,238,FALSE) -> 40.62 | BA7: =VLOOKUP(A7,year2022to23,239,FALSE) -> 9.34 | BB7: =VLOOKUP(A7,year2022to23,240,FALSE) -> 53.89 | BC7: =SUM(AZ7:BB7) -> 103.85 | BD7: =VLOOKUP(A7,year2022to23,243,FALSE) -> 65.93 | BE7: =VLOOKUP(A7,year2022to23,244,FALSE) -> 16.14 | BF7: =VLOOKUP(A7,year2022to23,245,FALSE) -> 0 | BG7: =SUM(BD7:BF7) -> 82.07
A8: 3 | B8: 69.2 | C8: =VLOOKUP(A8,ffbbudgettwofive,18,FALSE) -> 138 | D8: =VLOOKUP(A8,harvestinground,5,FALSE) -> 15.21 | E8: =VLOOKUP(A8,harvestinground,6,FALSE) -> 64.8 | F8: =VLOOKUP(A8,harvestinground,7,FALSE) -> 0 | G8: =SUM(D8:F8) -> 80.01 | I8: =VLOOKUP(A8,manday,34,FALSE) -> 67 | J8: =G8/I8 -> 1.1941791 | L8: =VLOOKUP(A8,year2022to23,188,FALSE) -> 51.04 | M8: =VLOOKUP(A8,year2022to23,189,FALSE) -> 20.2 | N8: =VLOOKUP(A8,year2022to23,190,FALSE) -> 0 | O8: =SUM(L8:N8) -> 71.24 | P8: =VLOOKUP(A8,year2022to23,193,FALSE) -> 14.17 | Q8: =VLOOKUP(A8,year2022to23,194,FALSE) -> 24.44 | R8: =VLOOKUP(A8,year2022to23,195,FALSE) -> 0 | S8: =SUM(P8:R8) -> 38.61 | T8: =VLOOKUP(A8,year2022to23,198,FALSE) -> 12.73 | U8: =VLOOKUP(A8,year2022to23,199,FALSE) -> 2.87 | V8: =VLOOKUP(A8,year2022to23,200,FALSE) -> 0 | W8: =SUM(T8:V8) -> 15.6 | X8: =VLOOKUP(A8,year2022to23,203,FALSE) -> 34.22 | Y8: =VLOOKUP(A8,year2022to23,204,FALSE) -> 15.52 | Z8: =VLOOKUP(A8,year2022to23,205,FALSE) -> 0 | AA8: =SUM(X8:Z8) -> 49.74 | AB8: =VLOOKUP(A8,year2022to23,208,FALSE) -> 49.54 | AC8: =VLOOKUP(A8,year2022to23,209,FALSE) -> 11.01 | AD8: =VLOOKUP(A8,year2022to23,210,FALSE) -> 0 | AE8: =SUM(AB8:AD8) -> 60.55 | AF8: =VLOOKUP(A8,year2022to23,213,FALSE) -> 47.06 | AG8: =VLOOKUP(A8,year2022to23,214,FALSE) -> 10.6 | AH8: =VLOOKUP(A8,year2022to23,215,FALSE) -> 0 | AI8: =SUM(AF8:AH8) -> 57.66 | AJ8: =VLOOKUP(A8,year2022to23,218,FALSE) -> 49.22 | AK8: =VLOOKUP(A8,year2022to23,219,FALSE) -> 16.17 | AL8: =VLOOKUP(A8,year2022to23,220,FALSE) -> 0 | AM8: =SUM(AJ8:AL8) -> 65.39 | AN8: =VLOOKUP(A8,year2022to23,223,FALSE) -> 82.38 | AO8: =VLOOKUP(A8,year2022to23,224,FALSE) -> 31.87 | AP8: =VLOOKUP(A8,year2022to23,225,FALSE) -> 0 | AQ8: =SUM(AN8:AP8) -> 114.25 | AR8: =VLOOKUP(A8,year2022to23,228,FALSE) -> 53.67 | AS8: =VLOOKUP(A8,year2022to23,229,FALSE) -> 40.25 | AT8: =VLOOKUP(A8,year2022to23,230,FALSE) -> 0 | AU8: =SUM(AR8:AT8) -> 93.92 | AV8: =VLOOKUP(A8,year2022to23,233,FALSE) -> 130.71 | AW8: =VLOOKUP(A8,year2022to23,234,FALSE) -> 16.11 | AX8: =VLOOKUP(A8,year2022to23,235,FALSE) -> 0 | AY8: =SUM(AV8:AX8) -> 146.82 | AZ8: =VLOOKUP(A8,year2022to23,238,FALSE) -> 23.8 | BA8: =VLOOKUP(A8,year2022to23,239,FALSE) -> 37.81 | BB8: =VLOOKUP(A8,year2022to23,240,FALSE) -> 0 | BC8: =SUM(AZ8:BB8) -> 61.61 | BD8: =VLOOKUP(A8,year2022to23,243,FALSE) -> 111.05 | BE8: =VLOOKUP(A8,year2022to23,244,FALSE) -> 40.63 | BF8: =VLOOKUP(A8,year2022to23,245,FALSE) -> 0 | BG8: =SUM(BD8:BF8) -> 151.68
A9: 14 | B9: 41.6 | C9: =VLOOKUP(A9,ffbbudgettwofive,18,FALSE) -> 87 | D9: =VLOOKUP(A9,harvestinground,5,FALSE) -> 45.84 | E9: =VLOOKUP(A9,harvestinground,6,FALSE) -> 0 | F9: =VLOOKUP(A9,harvestinground,7,FALSE) -> 0 | G9: =SUM(D9:F9) -> 45.84 | I9: =VLOOKUP(A9,manday,34,FALSE) -> 45 | J9: =G9/I9 -> 1.0186667 | L9: =VLOOKUP(A9,year2022to23,188,FALSE) -> 49.21 | M9: =VLOOKUP(A9,year2022to23,189,FALSE) -> 3.66 | N9: =VLOOKUP(A9,year2022to23,190,FALSE) -> 0 | O9: =SUM(L9:N9) -> 52.87 | P9: =VLOOKUP(A9,year2022to23,193,FALSE) -> 15.54 | Q9: =VLOOKUP(A9,year2022to23,194,FALSE) -> 23.28 | R9: =VLOOKUP(A9,year2022to23,195,FALSE) -> 0 | S9: =SUM(P9:R9) -> 38.82 | T9: =VLOOKUP(A9,year2022to23,198,FALSE) -> 12.49 | U9: =VLOOKUP(A9,year2022to23,199,FALSE) -> 6.09 | V9: =VLOOKUP(A9,year2022to23,200,FALSE) -> 0 | W9: =SUM(T9:V9) -> 18.58 | X9: =VLOOKUP(A9,year2022to23,203,FALSE) -> 28.29 | Y9: =VLOOKUP(A9,year2022to23,204,FALSE) -> 19.72 | Z9: =VLOOKUP(A9,year2022to23,205,FALSE) -> 0 | AA9: =SUM(X9:Z9) -> 48.01 | AB9: =VLOOKUP(A9,year2022to23,208,FALSE) -> 44.78 | AC9: =VLOOKUP(A9,year2022to23,209,FALSE) -> 26.98 | AD9: =VLOOKUP(A9,year2022to23,210,FALSE) -> 0 | AE9: =SUM(AB9:AD9) -> 71.76 | AF9: =VLOOKUP(A9,year2022to23,213,FALSE) -> 25.46 | AG9: =VLOOKUP(A9,year2022to23,214,FALSE) -> 15.82 | AH9: =VLOOKUP(A9,year2022to23,215,FALSE) -> 0 | AI9: =SUM(AF9:AH9) -> 41.28 | AJ9: =VLOOKUP(A9,year2022to23,218,FALSE) -> 41.1 | AK9: =VLOOKUP(A9,year2022to23,219,FALSE) -> 11.93 | AL9: =VLOOKUP(A9,year2022to23,220,FALSE) -> 0 | AM9: =SUM(AJ9:AL9) -> 53.03 | AN9: =VLOOKUP(A9,year2022to23,223,FALSE) -> 87.25 | AO9: =VLOOKUP(A9,year2022to23,224,FALSE) -> 17.93 | AP9: =VLOOKUP(A9,year2022to23,225,FALSE) -> 0 | AQ9: =SUM(AN9:AP9) -> 105.18 | AR9: =VLOOKUP(A9,year2022to23,228,FALSE) -> 3.62 | AS9: =VLOOKUP(A9,year2022to23,229,FALSE) -> 46.62 | AT9: =VLOOKUP(A9,year2022to23,230,FALSE) -> 34.22 | AU9: =SUM(AR9:AT9) -> 84.46 | AV9: =VLOOKUP(A9,year2022to23,233,FALSE) -> 32.3 | AW9: =VLOOKUP(A9,year2022to23,234,FALSE) -> 63.89 | AX9: =VLOOKUP(A9,year2022to23,235,FALSE) -> 0 | AY9: =SUM(AV9:AX9) -> 96.19 | AZ9: =VLOOKUP(A9,year2022to23,238,FALSE) -> 31.496 | BA9: =VLOOKUP(A9,year2022to23,239,FALSE) -> 27.1 | BB9: =VLOOKUP(A9,year2022to23,240,FALSE) -> 0 | BC9: =SUM(AZ9:BB9) -> 58.596 | BD9: =VLOOKUP(A9,year2022to23,243,FALSE) -> 59.76 | BE9: =VLOOKUP(A9,year2022to23,244,FALSE) -> 34.15 | BF9: =VLOOKUP(A9,year2022to23,245,FALSE) -> 0 | BG9: =SUM(BD9:BF9) -> 93.91
B10: =SUM(B7:B9) -> 164 | C10: =SUM(C7:C9) -> 331 | D10: =SUM(D7:D9) -> 106.52 | E10: =SUM(E7:E9) -> 125.98 | F10: =SUM(F7:F9) -> 0 | G10: =SUM(G7:G9) -> 232.5 | I10: =SUM(I7:I9) -> 210 | L10: =SUM(L7:L9) -> 110.02 | M10: =SUM(M7:M9) -> 51.03 | N10: =SUM(N7:N9) -> 0 | O10: =SUM(O7:O9) -> 161.05 | P10: =SUM(P7:P9) -> 45.07 | Q10: =SUM(Q7:Q9) -> 71.8 | R10: =SUM(R7:R9) -> 0 | S10: =SUM(S7:S9) -> 116.87 | ... BG10: =SUM(BG7:BG9) -> 327.66
J12: MT per person
J13: =G10/(D3-D4) -> 25.833333
J16: HA per person
J17: =B10/(D3-D4) -> 18.222222
J20: Ratio HA to MT per person
J21: =J17/J17&":"&ROUND(J13/J17,2) -> 1:1.42
B24: *MIKHAEL led the gang until end of June 2025
B25: In July 2025 the report continued using MIKHAEL's name as leader of the gang.
B26: Should be have YUVENTUS UN
E55: Sept-25 vs Aug-25 Diff. (%) | H55: Sept-25 vs Aug-25 Diff. (%)
E105: Sept-25 vs Sept-24 Diff. (%) | H105: Sept-25 vs Sept-24 Diff. (%)

Sheet DARSO GANG
A1: ='HARVESTING ROUND'!A1 -> HARVESTER PERFORMANCE CHART FOR THE MONTH OF DEC 2025 (1ST - 31ST) | K1: ='HARVESTING ROUND'!H1 -> HARVESTER PERFORMANCE CHART FOR THE MONTH OF SEPT 2024 (1ST - 30TH)
A2: HARVESTER TEAM: DARSO GANG
A3: TOTAL MANPOWER: | D3: 17
A4: TOTAL ON LONG LEAVE: | D4: 3
L5: 45292 | P5: 45323 | T5: 45352 | X5: 45383 | AB5: 45413 | AF5: 45444 | AJ5: 45474 | AN5: 45505 | AR5: 45536 | AV5: 45566 | AZ5: 45597 | BD5: 45627
A6: Block | B6: HA per Block | C6: Budget 2025 | D6: 1st Round | E6: 2nd Round | F6: 3rd Round | G6: Total | I6: Manday | J6: MT / Manday | L6: 1st Round | M6: 2nd Round | N6: 3rd Round | O6: Total | P6: 1st Round | Q6: 2nd Round | R6: 3rd Round | S6: Total | T6: 1st Round | U6: 2nd Round | V6: 3rd Round | W6: Total | X6: 1st Round | Y6: 2nd Round | Z6: 3rd Round | AA6: Total | AB6: 1st Round | AC6: 2nd Round | AD6: 3rd Round | AE6: Total | AF6: 1st Round | AG6: 2nd Round | AH6: 3rd Round | AI6: Total | AJ6: 1st Round | AK6: 2nd Round | AL6: 3rd Round | AM6: Total | AN6: 1st Round | AO6: 2nd Round | AP6: 3rd Round | AQ6: Total | AR6: 1st Round | AS6: 2nd Round | AT6: 3rd Round | AU6: Total | AV6: 1st Round | AW6: 2nd Round | AX6: 3rd Round | AY6: Total | AZ6: 1st Round | BA6: 2nd Round | BB6: 3rd Round | BC6: Total | BD6: 1st Round | BE6: 2nd Round | BF6: 3rd Round | BG6: Total
A7: 15 | B7: 49.3 | C7: =VLOOKUP(A7,ffbbudgettwofive,18,FALSE) -> 99 | D7: =VLOOKUP(A7,harvestinground,5,FALSE) -> 70.9 | E7: =VLOOKUP(A7,harvestinground,6,FALSE) -> 53.16 | F7: =VLOOKUP(A7,harvestinground,7,FALSE) -> 0 | G7: =SUM(D7:F7) -> 124.06 | I7: =VLOOKUP(A7,manday,34,FALSE) -> 60 | J7: =IFERROR(G7/I7,0) -> 2.0676667 | L7: =VLOOKUP(A7,year2022to23,188,FALSE) -> 22.07 | M7: =VLOOKUP(A7,year2022to23,189,FALSE) -> 15.31 | N7: =VLOOKUP(A7,year2022to23,190,FALSE) -> 0 | O7: =SUM(L7:N7) -> 37.38 | P7: =VLOOKUP(A7,year2022to23,193,FALSE) -> 9.62 | Q7: =VLOOKUP(A7,year2022to23,194,FALSE) -> 7.33 | R7: =VLOOKUP(A7,year2022to23,195,FALSE) -> 0 | S7: =SUM(P7:R7) -> 16.95 | T7: =VLOOKUP(A7,year2022to23,198,FALSE) -> 8.48 | U7: =VLOOKUP(A7,year2022to23,199,FALSE) -> 4.96 | V7: =VLOOKUP(A7,year2022to23,200,FALSE) -> 0 | W7: =SUM(T7:V7) -> 13.44 | X7: =VLOOKUP(A7,year2022to23,203,FALSE) -> 14.53 | Y7: =VLOOKUP(A7,year2022to23,204,FALSE) -> 0 | Z7: =VLOOKUP(A7,year2022to23,205,FALSE) -> 0 | AA7: =SUM(X7:Z7) -> 14.53 | AB7: =VLOOKUP(A7,year2022to23,208,FALSE) -> 7.23 | AC7: =VLOOKUP(A7,year2022to23,209,FALSE) -> 10.7 | AD7: =VLOOKUP(A7,year2022to23,210,FALSE) -> 14.57 | AE7: =SUM(AB7:AD7) -> 32.5 | AF7: =VLOOKUP(A7,year2022to23,213,FALSE) -> 26.78 | AG7: =VLOOKUP(A7,year2022to23,214,FALSE) -> 22.72 | AH7: =VLOOKUP(A7,year2022to23,215,FALSE) -> 0 | AI7: =SUM(AF7:AH7) -> 49.5 | AJ7: =VLOOKUP(A7,year2022to23,218,FALSE) -> 20.97 | AK7: =VLOOKUP(A7,year2022to23,219,FALSE) -> 13.11 | AL7: =VLOOKUP(A7,year2022to23,220,FALSE) -> 0 | AM7: =SUM(AJ7:AL7) -> 34.08 | AN7: =VLOOKUP(A7,year2022to23,223,FALSE) -> 34.42 | AO7: =VLOOKUP(A7,year2022to23,224,FALSE) -> 62.02 | AP7: =VLOOKUP(A7,year2022to23,225,FALSE) -> 0 | AQ7: =SUM(AN7:AP7) -> 96.44 | AR7: =VLOOKUP(A7,year2022to23,228,FALSE) -> 79.52 | AS7: =VLOOKUP(A7,year2022to23,229,FALSE) -> 0 | AT7: =VLOOKUP(A7,year2022to23,230,FALSE) -> 0 | AU7: =SUM(AR7:AT7) -> 79.52 | AV7: =VLOOKUP(A7,year2022to23,233,FALSE) -> 69.79 | AW7: =VLOOKUP(A7,year2022to23,234,FALSE) -> 37.23 | AX7: =VLOOKUP(A7,year2022to23,235,FALSE) -> 0 | AY7: =SUM(AV7:AX7) -> 107.02 | AZ7: =VLOOKUP(A7,year2022to23,238,FALSE) -> 46.04 | BA7: =VLOOKUP(A7,year2022to23,239,FALSE) -> 31.87 | BB7: =VLOOKUP(A7,year2022to23,240,FALSE) -> 0 | BC7: =SUM(AZ7:BB7) -> 77.91 | BD7: =VLOOKUP(A7,year2022to23,243,FALSE) -> 34.21 | BE7: =VLOOKUP(A7,year2022to23,244,FALSE) -> 26.28 | BF7: =VLOOKUP(A7,year2022to23,245,FALSE) -> 0 | BG7: =SUM(BD7:BF7) -> 60.49
A8: 16 | B8: 53.2 | C8: =VLOOKUP(A8,ffbbudgettwofive,18,FALSE) -> 106 | D8: =VLOOKUP(A8,harvestinground,5,FALSE) -> 53.38 | E8: =VLOOKUP(A8,harvestinground,6,FALSE) -> 58.28 | F8: =VLOOKUP(A8,harvestinground,7,FALSE) -> 0 | G8: =SUM(D8:F8) -> 111.66 | I8: =VLOOKUP(A8,manday,34,FALSE) -> 60 | J8: =IFERROR(G8/I8,0) -> 1.861 | L8: =VLOOKUP(A8,year2022to23,188,FALSE) -> 24.88 | M8: =VLOOKUP(A8,year2022to23,189,FALSE) -> 23.45 | N8: =VLOOKUP(A8,year2022to23,190,FALSE) -> 0 | O8: =SUM(L8:N8) -> 48.33 | P8: =VLOOKUP(A8,year2022to23,193,FALSE) -> 20.88 | Q8: =VLOOKUP(A8,year2022to23,194,FALSE) -> 13.31 | R8: =VLOOKUP(A8,year2022to23,195,FALSE) -> 0 | S8: =SUM(P8:R8) -> 34.19 | T8: =VLOOKUP(A8,year2022to23,198,FALSE) -> 12.31 | U8: =VLOOKUP(A8,year2022to23,199,FALSE) -> 11.32 | V8: =VLOOKUP(A8,year2022to23,200,FALSE) -> 0 | W8: =SUM(T8:V8) -> 23.63 | X8: =VLOOKUP(A8,year2022to23,203,FALSE) -> 32.73 | Y8: =VLOOKUP(A8,year2022to23,204,FALSE) -> 22.68 | Z8: =VLOOKUP(A8,year2022to23,205,FALSE) -> 0 | AA8: =SUM(X8:Z8) -> 55.41 | AB8: =VLOOKUP(A8,year2022to23,208,FALSE) -> 20.99 | AC8: =VLOOKUP(A8,year2022to23,209,FALSE) -> 19.54 | AD8: =VLOOKUP(A8,year2022to23,210,FALSE) -> 0 | AE8: =SUM(AB8:AD8) -> 40.53 | AF8: =VLOOKUP(A8,year2022to23,213,FALSE) -> 30.08 | AG8: =VLOOKUP(A8,year2022to23,214,FALSE) -> 38.6 | AH8: =VLOOKUP(A8,year2022to23,215,FALSE) -> 0 | AI8: =SUM(AF8:AH8) -> 68.68 | AJ8: =VLOOKUP(A8,year2022to23,218,FALSE) -> 34.64 | AK8: =VLOOKUP(A8,year2022to23,219,FALSE) -> 33.57 | AL8: =VLOOKUP(A8,year2022to23,220,FALSE) -> 0 | AM8: =SUM(AJ8:AL8) -> 68.21 | AN8: =VLOOKUP(A8,year2022to23,223,FALSE) -> 40.1 | AO8: =VLOOKUP(A8,year2022to23,224,FALSE) -> 75.62 | AP8: =VLOOKUP(A8,year2022to23,225,FALSE) -> 0 | AQ8: =SUM(AN8:AP8) -> 115.72 | AR8: =VLOOKUP(A8,year2022to23,228,FALSE) -> 88.25 | AS8: =VLOOKUP(A8,year2022to23,229,FALSE) -> 0 | AT8: =VLOOKUP(A8,year2022to23,230,FALSE) -> 0 | AU8: =SUM(AR8:AT8) -> 88.25 | AV8: =VLOOKUP(A8,year2022to23,233,FALSE) -> 76.39 | AW8: =VLOOKUP(A8,year2022to23,234,FALSE) -> 39.22 | AX8: =VLOOKUP(A8,year2022to23,235,FALSE) -> 0 | AY8: =SUM(AV8:AX8) -> 115.61 | AZ8: =VLOOKUP(A8,year2022to23,238,FALSE) -> 51.38 | BA8: =VLOOKUP(A8,year2022to23,239,FALSE) -> 39.63 | BB8: =VLOOKUP(A8,year2022to23,240,FALSE) -> 0 | BC8: =SUM(AZ8:BB8) -> 91.01 | BD8: =VLOOKUP(A8,year2022to23,243,FALSE) -> 28.6 | BE8: =VLOOKUP(A8,year2022to23,244,FALSE) -> 27.35 | BF8: =VLOOKUP(A8,year2022to23,245,FALSE) -> 31.71 | BG8: =SUM(BD8:BF8) -> 87.66
A9: 17 | B9: 45.7 | C9: =VLOOKUP(A9,ffbbudgettwofive,18,FALSE) -> 101 | D9: =VLOOKUP(A9,harvestinground,5,FALSE) -> 43.17 | E9: =VLOOKUP(A9,harvestinground,6,FALSE) -> 0 | F9: =VLOOKUP(A9,harvestinground,7,FALSE) -> 0 | G9: =SUM(D9:F9) -> 43.17 | I9: =VLOOKUP(A9,manday,34,FALSE) -> 26 | J9: =IFERROR(G9/I9,0) -> 1.6603846 | L9: =VLOOKUP(A9,year2022to23,188,FALSE) -> 25.52 | M9: =VLOOKUP(A9,year2022to23,189,FALSE) -> 20.25 | N9: =VLOOKUP(A9,year2022to23,190,FALSE) -> 0 | O9: =SUM(L9:N9) -> 45.77 | P9: =VLOOKUP(A9,year2022to23,193,FALSE) -> 16 | Q9: =VLOOKUP(A9,year2022to23,194,FALSE) -> 10.55 | R9: =VLOOKUP(A9,year2022to23,195,FALSE) -> 0 | S9: =SUM(P9:R9) -> 26.55 | T9: =VLOOKUP(A9,year2022to23,198,FALSE) -> 13.09 | U9: =VLOOKUP(A9,year2022to23,199,FALSE) -> 8.37 | V9: =VLOOKUP(A9,year2022to23,200,FALSE) -> 0 | W9: =SUM(T9:V9) -> 21.46 | X9: =VLOOKUP(A9,year2022to23,203,FALSE) -> 22.98 | Y9: =VLOOKUP(A9,year2022to23,204,FALSE) -> 34.08 | Z9: =VLOOKUP(A9,year2022to23,205,FALSE) -> 0 | AA9: =SUM(X9:Z9) -> 57.06 | AB9: =VLOOKUP(A9,year2022to23,208,FALSE) -> 29.02 | AC9: =VLOOKUP(A9,year2022to23,209,FALSE) -> 28 | AD9: =VLOOKUP(A9,year2022to23,210,FALSE) -> 0 | AE9: =SUM(AB9:AD9) -> 57.02 | AF9: =VLOOKUP(A9,year2022to23,213,FALSE) -> 27.28 | AG9: =VLOOKUP(A9,year2022to23,214,FALSE) -> 32.26 | AH9: =VLOOKUP(A9,year2022to23,215,FALSE) -> 0 | AI9: =SUM(AF9:AH9) -> 59.54 | AJ9: =VLOOKUP(A9,year2022to23,218,FALSE) -> 33.23 | AK9: =VLOOKUP(A9,year2022to23,219,FALSE) -> 29.44 | AL9: =VLOOKUP(A9,year2022to23,220,FALSE) -> 0 | AM9: =SUM(AJ9:AL9) -> 62.67 | AN9: =VLOOKUP(A9,year2022to23,223,FALSE) -> 40.45 | AO9: =VLOOKUP(A9,year2022to23,224,FALSE) -> 73.62 | AP9: =VLOOKUP(A9,year2022to23,225,FALSE) -> 0 | AQ9: =SUM(AN9:AP9) -> 114.07 | AR9: =VLOOKUP(A9,year2022to23,228,FALSE) -> 78.14 | AS9: =VLOOKUP(A9,year2022to23,229,FALSE) -> 0 | AT9: =VLOOKUP(A9,year2022to23,230,FALSE) -> 0 | AU9: =SUM(AR9:AT9) -> 78.14 | AV9: =VLOOKUP(A9,year2022to23,233,FALSE) -> 74.97 | AW9: =VLOOKUP(A9,year2022to23,234,FALSE) -> 45.7 | AX9: =VLOOKUP(A9,year2022to23,235,FALSE) -> 0 | AY9: =SUM(AV9:AX9) -> 120.67 | AZ9: =VLOOKUP(A9,year2022to23,238,FALSE) -> 44.69 | BA9: =VLOOKUP(A9,year2022to23,239,FALSE) -> 30.02 | BB9: =VLOOKUP(A9,year2022to23,240,FALSE) -> 0 | BC9: =SUM(AZ9:BB9) -> 74.71 | BD9: =VLOOKUP(A9,year2022to23,243,FALSE) -> 28.85 | BE9: =VLOOKUP(A9,year2022to23,244,FALSE) -> 35.46 | BF9: =VLOOKUP(A9,year2022to23,245,FALSE) -> 32.58 | BG9: =SUM(BD9:BF9) -> 96.89
A10: 19 | B10: 50.62 | C10: =VLOOKUP(A10,ffbbudgettwofive,18,FALSE) -> 106 | D10: =VLOOKUP(A10,harvestinground,5,FALSE) -> 56.22 | E10: =VLOOKUP(A10,harvestinground,6,FALSE) -> 33.75 | F10: =VLOOKUP(A10,harvestinground,7,FALSE) -> 0 | G10: =SUM(D10:F10) -> 89.97 | I10: =VLOOKUP(A10,manday,34,FALSE) -> 52 | J10: =IFERROR(G10/I10,0) -> 1.7301923 | L10: =VLOOKUP(A10,year2022to23,188,FALSE) -> 27.52 | M10: =VLOOKUP(A10,year2022to23,189,FALSE) -> 20.74 | N10: =VLOOKUP(A10,year2022to23,190,FALSE) -> 0 | O10: =SUM(L10:N10) -> 48.26 | P10: =VLOOKUP(A10,year2022to23,193,FALSE) -> 15.06 | Q10: =VLOOKUP(A10,year2022to23,194,FALSE) -> 11 | R10: =VLOOKUP(A10,year2022to23,195,FALSE) -> 0 | S10: =SUM(P10:R10) -> 26.06 | T10: =VLOOKUP(A10,year2022to23,198,FALSE) -> 11.64 | U10: =VLOOKUP(A10,year2022to23,199,FALSE) -> 8.18 | V10: =VLOOKUP(A10,year2022to23,200,FALSE) -> 7.52 | W10: =SUM(T10:V10) -> 27.34 | X10: =VLOOKUP(A10,year2022to23,203,FALSE) -> 37.16 | Y10: =VLOOKUP(A10,year2022to23,204,FALSE) -> 0 | Z10: =VLOOKUP(A10,year2022to23,205,FALSE) -> 0 | AA10: =SUM(X10:Z10) -> 37.16 | AB10: =VLOOKUP(A10,year2022to23,208,FALSE) -> 19.32 | AC10: =VLOOKUP(A10,year2022to23,209,FALSE) -> 19.19 | AD10: =VLOOKUP(A10,year2022to23,210,FALSE) -> 20.01 | AE10: =SUM(AB10:AD10) -> 58.52 | AF10: =VLOOKUP(A10,year2022to23,213,FALSE) -> 4.35 | AG10: =VLOOKUP(A10,year2022to23,214,FALSE) -> 19.75 | AH10: =VLOOKUP(A10,year2022to23,215,FALSE) -> 27.34 | AI10: =SUM(AF10:AH10) -> 51.44 | AJ10: =VLOOKUP(A10,year2022to23,218,FALSE) -> 25.51 | AK10: =VLOOKUP(A10,year2022to23,219,FALSE) -> 14.72 | AL10: =VLOOKUP(A10,year2022to23,220,FALSE) -> 0 | AM10: =SUM(AJ10:AL10) -> 40.23 | AN10: =VLOOKUP(A10,year2022to23,223,FALSE) -> 68.5 | AO10: =VLOOKUP(A10,year2022to23,224,FALSE) -> 0 | AP10: =VLOOKUP(A10,year2022to23,225,FALSE) -> 0 | AQ10: =SUM(AN10:AP10) -> 68.5 | AR10: =VLOOKUP(A10,year2022to23,228,FALSE) -> 87.75 | AS10: =VLOOKUP(A10,year2022to23,229,FALSE) -> 87.18 | AT10: =VLOOKUP(A10,year2022to23,230,FALSE) -> 0 | AU10: =SUM(AR10:AT10) -> 174.93 | AV10: =VLOOKUP(A10,year2022to23,233,FALSE) -> 61.76 | AW10: =VLOOKUP(A10,year2022to23,234,FALSE) -> 27.95 | AX10: =VLOOKUP(A10,year2022to23,235,FALSE) -> 0 | AY10: =SUM(AV10:AX10) -> 89.71 | AZ10: =VLOOKUP(A10,year2022to23,238,FALSE) -> 50.74 | BA10: =VLOOKUP(A10,year2022to23,239,FALSE) -> 23.71 | BB10: =VLOOKUP(A10,year2022to23,240,FALSE) -> 0 | BC10: =SUM(AZ10:BB10) -> 74.45 | BD10: =VLOOKUP(A10,year2022to23,243,FALSE) -> 40.1 | BE10: =VLOOKUP(A10,year2022to23,244,FALSE) -> 9.11 | BF10: =VLOOKUP(A10,year2022to23,245,FALSE) -> 0 | BG10: =SUM(BD10:BF10) -> 49.21
A11: 20 | B11: 62.08 | C11: =VLOOKUP(A11,ffbbudgettwofive,18,FALSE) -> 130 | D11: =VLOOKUP(A11,harvestinground,5,FALSE) -> 84.19 | E11: =VLOOKUP(A11,harvestinground,6,FALSE) -> 52.47 | F11: =VLOOKUP(A11,harvestinground,7,FALSE) -> 0 | G11: =SUM(D11:F11) -> 136.66 | I11: =VLOOKUP(A11,manday,34,FALSE) -> 77 | J11: =IFERROR(G11/I11,0) -> 1.7748052 | L11: =VLOOKUP(A11,year2022to23,188,FALSE) -> 29.16 | M11: =VLOOKUP(A11,year2022to23,189,FALSE) -> 20.35 | N11: =VLOOKUP(A11,year2022to23,190,FALSE) -> 0 | O11: =SUM(L11:N11) -> 49.51 | P11: =VLOOKUP(A11,year2022to23,193,FALSE) -> 14.02 | Q11: =VLOOKUP(A11,year2022to23,194,FALSE) -> 10.06 | R11: =VLOOKUP(A11,year2022to23,195,FALSE) -> 0 | S11: =SUM(P11:R11) -> 24.08 | T11: =VLOOKUP(A11,year2022to23,198,FALSE) -> 7.04 | U11: =VLOOKUP(A11,year2022to23,199,FALSE) -> 3.67 | V11: =VLOOKUP(A11,year2022to23,200,FALSE) -> 5.84 | W11: =SUM(T11:V11) -> 16.55 | X11: =VLOOKUP(A11,year2022to23,203,FALSE) -> 22.51 | Y11: =VLOOKUP(A11,year2022to23,204,FALSE) -> 0 | Z11: =VLOOKUP(A11,year2022to23,205,FALSE) -> 0 | AA11: =SUM(X11:Z11) -> 22.51 | AB11: =VLOOKUP(A11,year2022to23,208,FALSE) -> 22.64 | AC11: =VLOOKUP(A11,year2022to23,209,FALSE) -> 23.19 | AD11: =VLOOKUP(A11,year2022to23,210,FALSE) -> 0 | AE11: =SUM(AB11:AD11) -> 45.83 | AF11: =VLOOKUP(A11,year2022to23,213,FALSE) -> 25.81 | AG11: =VLOOKUP(A11,year2022to23,214,FALSE) -> 22.15 | AH11: =VLOOKUP(A11,year2022to23,215,FALSE) -> 16.85 | AI11: =SUM(AF11:AH11) -> 64.81 | AJ11: =VLOOKUP(A11,year2022to23,218,FALSE) -> 13.96 | AK11: =VLOOKUP(A11,year2022to23,219,FALSE) -> 33.44 | AL11: =VLOOKUP(A11,year2022to23,220,FALSE) -> 21.88 | AM11: =SUM(AJ11:AL11) -> 69.28 | AN11: =VLOOKUP(A11,year2022to23,223,FALSE) -> 70.23 | AO11: =VLOOKUP(A11,year2022to23,224,FALSE) -> 0 | AP11: =VLOOKUP(A11,year2022to23,225,FALSE) -> 0 | AQ11: =SUM(AN11:AP11) -> 70.23 | AR11: =VLOOKUP(A11,year2022to23,228,FALSE) -> 84.53 | AS11: =VLOOKUP(A11,year2022to23,229,FALSE) -> 84.03 | AT11: =VLOOKUP(A11,year2022to23,230,FALSE) -> 0 | AU11: =SUM(AR11:AT11) -> 168.56 | AV11: =VLOOKUP(A11,year2022to23,233,FALSE) -> 77.52 | AW11: =VLOOKUP(A11,year2022to23,234,FALSE) -> 37.82 | AX11: =VLOOKUP(A11,year2022to23,235,FALSE) -> 0 | AY11: =SUM(AV11:AX11) -> 115.34 | AZ11: =VLOOKUP(A11,year2022to23,238,FALSE) -> 60.64 | BA11: =VLOOKUP(A11,year2022to23,239,FALSE) -> 23.65 | BB11: =VLOOKUP(A11,year2022to23,240,FALSE) -> 0 | BC11: =SUM(AZ11:BB11) -> 84.29 | BD11: =VLOOKUP(A11,year2022to23,243,FALSE) -> 47.96 | BE11: =VLOOKUP(A11,year2022to23,244,FALSE) -> 21.04 | BF11: =VLOOKUP(A11,year2022to23,245,FALSE) -> 0 | BG11: =SUM(BD11:BF11) -> 69
A12: 21 | B12: 72.2 | C12: =VLOOKUP(A12,ffbbudgettwofive,18,FALSE) -> 166 | D12: =VLOOKUP(A12,harvestinground,5,FALSE) -> 101.3 | E12: =VLOOKUP(A12,harvestinground,6,FALSE) -> 20.9 | F12: =VLOOKUP(A12,harvestinground,7,FALSE) -> 0 | G12: =SUM(D12:F12) -> 122.2 | I12: =VLOOKUP(A12,manday,34,FALSE) -> 58 | J12: =IFERROR(G12/I12,0) -> 2.1068966 | L12: =VLOOKUP(A12,year2022to23,188,FALSE) -> 47.8 | M12: =VLOOKUP(A12,year2022to23,189,FALSE) -> 38.65 | N12: =VLOOKUP(A12,year2022to23,190,FALSE) -> 0 | O12: =SUM(L12:N12) -> 86.45 | P12: =VLOOKUP(A12,year2022to23,193,FALSE) -> 30.27 | Q12: =VLOOKUP(A12,year2022to23,194,FALSE) -> 20.51 | R12: =VLOOKUP(A12,year2022to23,195,FALSE) -> 0 | S12: =SUM(P12:R12) -> 50.78 | T12: =VLOOKUP(A12,year2022to23,198,FALSE) -> 24.16 | U12: =VLOOKUP(A12,year2022to23,199,FALSE) -> 21.92 | V12: =VLOOKUP(A12,year2022to23,200,FALSE) -> 0 | W12: =SUM(T12:V12) -> 46.08 | X12: =VLOOKUP(A12,year2022to23,203,FALSE) -> 20.9 | Y12: =VLOOKUP(A12,year2022to23,204,FALSE) -> 49.48 | Z12: =VLOOKUP(A12,year2022to23,205,FALSE) -> 0 | AA12: =SUM(X12:Z12) -> 70.38 | AB12: =VLOOKUP(A12,year2022to23,208,FALSE) -> 39.37 | AC12: =VLOOKUP(A12,year2022to23,209,FALSE) -> 29.69 | AD12: =VLOOKUP(A12,year2022to23,210,FALSE) -> 8.54 | AE12: =SUM(AB12:AD12) -> 77.6 | AF12: =VLOOKUP(A12,year2022to23,213,FALSE) -> 53.6 | AG12: =VLOOKUP(A12,year2022to23,214,FALSE) -> 51.84 | AH12: =VLOOKUP(A12,year2022to23,215,FALSE) -> 0 | AI12: =SUM(AF12:AH12) -> 105.44 | AJ12: =VLOOKUP(A12,year2022to23,218,FALSE) -> 62.45 | AK12: =VLOOKUP(A12,year2022to23,219,FALSE) -> 61.58 | AL12: =VLOOKUP(A12,year2022to23,220,FALSE) -> 36.35 | AM12: =SUM(AJ12:AL12) -> 160.38 | AN12: =VLOOKUP(A12,year2022to23,223,FALSE) -> 10 | AO12: =VLOOKUP(A12,year2022to23,224,FALSE) -> 105.14 | AP12: =VLOOKUP(A12,year2022to23,225,FALSE) -> 0 | AQ12: =SUM(AN12:AP12) -> 115.14 | AR12: =VLOOKUP(A12,year2022to23,228,FALSE) -> 122.07 | AS12: =VLOOKUP(A12,year2022to23,229,FALSE) -> 20.48 | AT12: =VLOOKUP(A12,year2022to23,230,FALSE) -> 0 | AU12: =SUM(AR12:AT12) -> 142.55 | AV12: =VLOOKUP(A12,year2022to23,233,FALSE) -> 108.95 | AW12: =VLOOKUP(A12,year2022to23,234,FALSE) -> 82.15 | AX12: =VLOOKUP(A12,year2022to23,235,FALSE) -> 8.81 | AY12: =SUM(AV12:AX12) -> 199.91 | AZ12: =VLOOKUP(A12,year2022to23,238,FALSE) -> 55.88 | BA12: =VLOOKUP(A12,year2022to23,239,FALSE) -> 61.53 | BB12: =VLOOKUP(A12,year2022to23,240,FALSE) -> 36.82 | BC12: =SUM(AZ12:BB12) -> 154.23 | BD12: =VLOOKUP(A12,year2022to23,243,FALSE) -> 46.57 | BE12: =VLOOKUP(A12,year2022to23,244,FALSE) -> 49.48 | BF12: =VLOOKUP(A12,year2022to23,245,FALSE) -> 0 | BG12: =SUM(BD12:BF12) -> 96.05
A13: 22 | B13: 52.3 | C13: =VLOOKUP(A13,ffbbudgettwofive,18,FALSE) -> 110 | D13: =VLOOKUP(A13,harvestinground,5,FALSE) -> 64.45 | E13: =VLOOKUP(A13,harvestinground,6,FALSE) -> 0 | F13: =VLOOKUP(A13,harvestinground,7,FALSE) -> 0 | G13: =SUM(D13:F13) -> 64.45 | I13: =VLOOKUP(A13,manday,34,FALSE) -> 31 | J13: =IFERROR(G13/I13,0) -> 2.0790323 | L13: =VLOOKUP(A13,year2022to23,188,FALSE) -> 33.45 | M13: =VLOOKUP(A13,year2022to23,189,FALSE) -> 25.22 | N13: =VLOOKUP(A13,year2022to23,190,FALSE) -> 0 | O13: =SUM(L13:N13) -> 58.67 | P13: =VLOOKUP(A13,year2022to23,193,FALSE) -> 20.78 | Q13: =VLOOKUP(A13,year2022to23,194,FALSE) -> 15.28 | R13: =VLOOKUP(A13,year2022to23,195,FALSE) -> 0 | S13: =SUM(P13:R13) -> 36.06 | T13: =VLOOKUP(A13,year2022to23,198,FALSE) -> 16.43 | U13: =VLOOKUP(A13,year2022to23,199,FALSE) -> 10.62 | V13: =VLOOKUP(A13,year2022to23,200,FALSE) -> 0 | W13: =SUM(T13:V13) -> 27.05 | X13: =VLOOKUP(A13,year2022to23,203,FALSE) -> 16.18 | Y13: =VLOOKUP(A13,year2022to23,204,FALSE) -> 27.63 | Z13: =VLOOKUP(A13,year2022to23,205,FALSE) -> 0 | AA13: =SUM(X13:Z13) -> 43.81 | AB13: =VLOOKUP(A13,year2022to23,208,FALSE) -> 16.56 | AC13: =VLOOKUP(A13,year2022to23,209,FALSE) -> 22.03 | AD13: =VLOOKUP(A13,year2022to23,210,FALSE) -> 0 | AE13: =SUM(AB13:AD13) -> 38.59 | AF13: =VLOOKUP(A13,year2022to23,213,FALSE) -> 28.5 | AG13: =VLOOKUP(A13,year2022to23,214,FALSE) -> 30.42 | AH13: =VLOOKUP(A13,year2022to23,215,FALSE) -> 0 | AI13: =SUM(AF13:AH13) -> 58.92 | AJ13: =VLOOKUP(A13,year2022to23,218,FALSE) -> 40.74 | AK13: =VLOOKUP(A13,year2022to23,219,FALSE) -> 28.13 | AL13: =VLOOKUP(A13,year2022to23,220,FALSE) -> 0 | AM13: =SUM(AJ13:AL13) -> 68.87 | AN13: =VLOOKUP(A13,year2022to23,223,FALSE) -> 32.13 | AO13: =VLOOKUP(A13,year2022to23,224,FALSE) -> 68.43 | AP13: =VLOOKUP(A13,year2022to23,225,FALSE) -> 0 | AQ13: =SUM(AN13:AP13) -> 100.56 | AR13: =VLOOKUP(A13,year2022to23,228,FALSE) -> 75.26 | AS13: =VLOOKUP(A13,year2022to23,229,FALSE) -> 0 | AT13: =VLOOKUP(A13,year2022to23,230,FALSE) -> 0 | AU13: =SUM(AR13:AT13) -> 75.26 | AV13: =VLOOKUP(A13,year2022to23,233,FALSE) -> 83.04 | AW13: =VLOOKUP(A13,year2022to23,234,FALSE) -> 50.38 | AX13: =VLOOKUP(A13,year2022to23,235,FALSE) -> 0 | AY13: =SUM(AV13:AX13) -> 133.42 | AZ13: =VLOOKUP(A13,year2022to23,238,FALSE) -> 40.15 | BA13: =VLOOKUP(A13,year2022to23,239,FALSE) -> 35.04 | BB13: =VLOOKUP(A13,year2022to23,240,FALSE) -> 18.22 | BC13: =SUM(AZ13:BB13) -> 93.41 | BD13: =VLOOKUP(A13,year2022to23,243,FALSE) -> 7.25 | BE13: =VLOOKUP(A13,year2022to23,244,FALSE) -> 29.27 | BF13: =VLOOKUP(A13,year2022to23,245,FALSE) -> 31.16 | BG13: =SUM(BD13:BF13) -> 67.68
B14: =SUM(B7:B13) -> 385.4 | C14: =SUM(C7:C13) -> 818 | D14: =SUM(D7:D13) -> 473.61 | E14: =SUM(E7:E13) -> 218.56 | F14: =SUM(F7:F13) -> 0 | G14: =SUM(G7:G13) -> 692.17 | I14: =SUM(I7:I13) -> 364 | L14: =SUM(L7:L13) -> 210.4 | M14: =SUM(M7:M13) -> 163.97 | N14: =SUM(N7:N13) -> 0 | O14: =SUM(O7:O13) -> 374.37 | P14: =SUM(P7:P13) -> 126.63 | Q14: =SUM(Q7:Q13) -> 88.04 | R14: =SUM(R7:R13) -> 0 | S14: =SUM(S7:S13) -> 214.67 | ... BG14: =SUM(BG7:BG13) -> 526.98
J16: MT per person
J17: =G14/(D3-D4) -> 49.440714
J20: HA per person
J21: =B14/(D3-D4) -> 27.528571
J24: Ratio HA to MT per person
J25: =J21/J21&":"&ROUND(J17/J21,2) -> 1:1.8
E55: Sept-25 vs Aug-25 Diff. (%) | H55: Sept-25 vs Aug-25 Diff. (%)
E105: Sept-25 vs Sept-24 Diff. (%) | H105: Sept-25 vs Sept-24 Diff. (%)

Sheet YUDI GANG
A1: ='HARVESTING ROUND'!A1 -> HARVESTER PERFORMANCE CHART FOR THE MONTH OF DEC 2025 (1ST - 31ST) | K1: ='HARVESTING ROUND'!H1 -> HARVESTER PERFORMANCE CHART FOR THE MONTH OF SEPT 2024 (1ST - 30TH)
A2: HARVESTER TEAM: YUDI GANG - previously ERDI GANG
A3: TOTAL MANPOWER: | D3: 5
A4: TOTAL ON LONG LEAVE: | D4: 0
L5: 45292 | P5: 45323 | T5: 45352 | X5: 45383 | AB5: 45413 | AF5: 45444 | AJ5: 45474 | AN5: 45505 | AR5: 45536 | AV5: 45566 | AZ5: 45597 | BD5: 45627
A6: Block | B6: HA per Block | C6: Budget 2025 | D6: 1st Round | E6: 2nd Round | F6: 3rd Round | G6: Total | I6: Manday | J6: MT / Manday | L6: 1st Round | M6: 2nd Round | N6: 3rd Round | O6: Total | P6: 1st Round | Q6: 2nd Round | R6: 3rd Round | S6: Total | T6: 1st Round | U6: 2nd Round | V6: 3rd Round | W6: Total | X6: 1st Round | Y6: 2nd Round | Z6: 3rd Round | AA6: Total | AB6: 1st Round | AC6: 2nd Round | AD6: 3rd Round | AE6: Total | AF6: 1st Round | AG6: 2nd Round | AH6: 3rd Round | AI6: Total | AJ6: 1st Round | AK6: 2nd Round | AL6: 3rd Round | AM6: Total | AN6: 1st Round | AO6: 2nd Round | AP6: 3rd Round | AQ6: Total | AR6: 1st Round | AS6: 2nd Round | AT6: 3rd Round | AU6: Total | AV6: 1st Round | AW6: 2nd Round | AX6: 3rd Round | AY6: Total | AZ6: 1st Round | BA6: 2nd Round | BB6: 3rd Round | BC6: Total | BD6: 1st Round | BE6: 2nd Round | BF6: 3rd Round | BG6: Total
